Name,Type,Asset,X,Y,Z,Yaw,Scale
R0,building,tiled,4500,-10000,1394.7,90,1
R1,building,tiled,2700,-8200,1402.1,0,1
R2,building,tiled,6300,-8200,1397.2,180,1
R3,building,twoStorey,-4000,-5400,1411.1,90,1
R4,building,tiled,-7000,-11000,1411.5,90,1
R5,building,tiled,-7000,-9200,1406.5,-90,1
R6,building,tiled,1500,-2100,1403.2,90,1
R7,building,tiled,4700,-2100,1388.1,90,1
R8,building,farmhouse,7500,-1900,1388.1,90,1
R9,building,twoStorey,1900,3300,1411.4,-90,1
R10,building,tiled,5100,3500,1418.8,-90,1
R11,building,tiled,7700,3300,1408.5,-90,1
R12,building,tiled,-12400,-5016.5,1407.9,90,1
R13,building,tiled,-11280.5,-5006.7,1414.5,90,1
R14,building,tiled,-10116.4,-5039.4,1389.9,90,1
R15,building,tiled,-8940.7,-5012.5,1386.9,90,1
R16,building,tiled,-7720.1,-5046.4,1399.2,90,1
R17,building,tiled,-6610.1,-5005.4,1391.7,90,1
R18,building,tiled,-2212.1,-5032.9,1395.1,90,1
R19,building,tiled,2281.3,-5001.8,1414.8,90,1
R20,building,tiled,3511.6,-5005,1388,90,1
R21,building,tiled,4725.4,-5000.5,1409.3,90,1
R22,building,twoStorey,5863,-5020.4,1419.9,90,1
R23,building,tiled,7112,-5018.8,1407.9,90,1
R24,building,tiled,8270,-5009.8,1380.1,90,1
R25,building,tiled,9504.5,-5012.5,1413.2,90,1
R26,building,twoStorey,10708.8,-5022.1,1401.3,90,1
R27,building,tiled,-12400,-2973.3,1397.5,-90,1
R28,building,tiled,-11171.2,-2971.6,1406.3,-90,1
R29,building,twoStorey,-10039.6,-2977.2,1407.2,-90,1
R30,building,tiled,-8936.1,-2982,1390.3,-90,1
R31,building,tiled,-7695.6,-2990.3,1407.2,-90,1
R32,building,twoStorey,-6571.8,-2954,1396.8,-90,1
R33,building,tiled,-5465.9,-2969.1,1398.4,-90,1
R34,building,tiled,-4261.6,-2970.1,1392.6,-90,1
R35,building,tiled,-3050.8,-2968.9,1414,-90,1
R36,building,twoStorey,-1812,-2974.2,1402.1,-90,1
R37,building,tiled,9522.6,-2998.8,1397.2,-90,1
R38,building,tiled,10706.4,-2959.1,1399.1,-90,1
R39,building,tiled,11905.2,-2966,1415.2,-90,1
R40,building,tiled,-1037.1,-14400,1422.2,0,1
R41,building,twoStorey,-1024.6,-13164.9,1405.2,0,1
R42,building,tiled,-1018.6,-12076.3,1417.1,0,1
R43,building,tiled,-1000.5,-10981.8,1385.4,0,1
R44,building,twoStorey,-1027.9,-9771.9,1415.6,0,1
R45,building,twoStorey,-1043,-8545,1406.3,0,1
R46,building,tiled,-1045.3,-7412.7,1388.9,0,1
R47,building,tiled,-1040.6,-6314.7,1396.8,0,1
R48,building,tiled,-1018.1,-1651.4,1397.3,0,1
R49,building,tiled,-1006.5,-461.5,1406.9,0,1
R50,building,tiled,-1041.4,720.7,1400.3,0,1
R51,building,twoStorey,-1043,1966.5,1402.4,0,1
R52,building,twoStorey,-1001.6,3193.7,1393,0,1
R53,building,tiled,-1020.4,4279.9,1410.3,0,1
R54,building,tiled,-1042.5,5390.8,1400.5,0,1
R55,building,tiled,1016.4,-14400,1392.3,180,1
R56,building,twoStorey,1032.5,-13281.1,1407,180,1
R57,building,tiled,1002.5,-12076.4,1400.5,180,1
R58,building,tiled,1047.7,-10862.5,1416.4,180,1
R59,building,tiled,1047.1,-8666.9,1419,180,1
R60,building,twoStorey,1003.4,-7469.8,1394.5,180,1
R61,building,twoStorey,1022.5,-6339.6,1418.7,180,1
R62,building,twoStorey,1040.9,5118.2,1394,180,1
R63,building,tiled,1026.5,6196.3,1410.3,180,1
R64,building,twoStorey,-3748.7,-14722.4,1411.2,90,1
R65,building,farmhouse,8266.7,-14712.2,1410.4,90,1
R66,building,tiled,9694.8,-14736.2,1397.1,90,1
R67,building,tiled,-11292.9,-13283.1,1413.8,90,1
R68,building,tiled,-9842.5,-13117.2,1386.7,90,1
R69,building,farmhouse,-8369.4,-13220.5,1407.6,90,1
R70,building,tiled,-6871.7,-13134.6,1381.9,90,1
R71,building,tiled,-5235.8,-13244.3,1417,90,1
R72,building,farmhouse,-3779.6,-13151.2,1388.1,90,1
R73,building,tiled,-2288.4,-13298.4,1388.3,90,1
R74,building,tiled,9637.4,-13289.5,1404.2,90,1
R75,building,tiled,11206,-13282.2,1393.1,90,1
R76,building,farmhouse,12725.1,-13164.3,1393.2,90,1
R77,building,tiled,-11384.4,-11636.7,1404.8,90,1
R78,building,farmhouse,-3719.7,-11519.6,1393.8,90,1
R79,building,tiled,-2328.6,-11673.8,1419.7,90,1
R80,building,tiled,9642.7,-11691.5,1388.7,90,1
R81,building,farmhouse,11291.8,-11540,1391,90,1
R82,building,farmhouse,12726.7,-11508.8,1416.4,90,1
R83,building,farmhouse,-12751.1,-9906.1,1423.2,90,1
R84,building,tiled,-11203.6,-9950,1388.9,90,1
R85,building,tiled,-9772.9,-9983,1408.9,90,1
R86,building,farmhouse,-3762.5,-10095,1413.8,90,1
R87,building,farmhouse,-2212.2,-9976.7,1392.8,90,1
R88,building,tiled,9668.7,-9930.2,1394,90,1
R89,building,tiled,11110.5,-10044.7,1399.7,90,1
R90,building,farmhouse,12719.7,-9952.9,1386.4,90,1
R91,building,tiled,-12734,-8300.8,1395.6,90,1
R92,building,tiled,-11315.2,-8346.3,1403.8,90,1
R93,building,tiled,-9730.4,-8477.2,1414.9,90,1
R94,building,tiled,-3706.2,-8480.6,1386.3,90,1
R95,building,tiled,-2204.2,-8424.6,1413.4,90,1
R96,building,tiled,9657.3,-8493.6,1401.2,90,1
R97,building,tiled,11258.7,-8350.6,1412.6,90,1
R98,building,tiled,12695.4,-8380.6,1388.4,90,1
R99,building,tiled,-12775.4,-6720.3,1408.2,90,1
R100,building,farmhouse,-11246.2,-6715.2,1391.9,90,1
R101,building,twoStorey,-9882.4,-6755.7,1412.1,90,1
R102,building,tiled,-8347.5,-6890.1,1388,90,1
R103,building,farmhouse,-6828,-6898.6,1405,90,1
R104,building,farmhouse,-5315.9,-6779.4,1394.8,90,1
R105,building,farmhouse,-3840,-6894.4,1400.8,90,1
R106,building,tiled,-2379.1,-6716.1,1398.3,90,1
R107,building,farmhouse,9665,-6882.9,1416.4,90,1
R108,building,farmhouse,11210.5,-6827.9,1400.3,90,1
R109,building,tiled,12780.3,-6887.7,1404.2,90,1
R110,building,farmhouse,-11202.6,-464.6,1419.1,-90,1
R111,building,farmhouse,-9771.1,-385,1417.8,-90,1
R112,building,tiled,-8240.1,-345.1,1392.9,-90,1
R113,building,tiled,-6782.6,-413.7,1418.6,-90,1
R114,building,tiled,-5217.3,-487.3,1399,-90,1
R115,building,tiled,-3858.1,-324.7,1398.6,-90,1
R116,building,tiled,-2279.8,-493.5,1411,-90,1
R117,building,tiled,9783.8,-429,1398.5,-90,1
R118,building,twoStorey,11136.4,-337.5,1403.3,-90,1
R119,building,farmhouse,12786.3,-387.8,1415,-90,1
R120,building,tiled,-12712.6,1228.6,1398.3,-90,1
R121,building,farmhouse,-11249.9,1147.1,1419.7,-90,1
R122,building,twoStorey,-9855.6,1202.6,1414,-90,1
R123,building,farmhouse,-8354.7,1197.1,1424.1,-90,1
R124,building,twoStorey,-6856.6,1113.7,1396.2,-90,1
R125,building,tiled,-5379.6,1149.6,1424.1,-90,1
R126,building,farmhouse,-3725.5,1112.4,1388.1,-90,1
R127,building,tiled,-2353.3,1106.5,1416.7,-90,1
R128,building,tiled,9693.2,1137.4,1415.1,-90,1
R129,building,farmhouse,11212.4,1199.4,1390.2,-90,1
R130,building,tiled,12620.4,1230.2,1390.1,-90,1
R131,building,tiled,-11201.6,2784.2,1382.7,-90,1
R132,building,twoStorey,-9865.9,2831,1411.2,-90,1
R133,building,farmhouse,-8322.1,2784,1389.4,-90,1
R134,building,tiled,-6706.1,2811.3,1411,-90,1
R135,building,tiled,-5291.8,2778.8,1394.3,-90,1
R136,building,farmhouse,-3712.2,2833.8,1411.4,-90,1
R137,building,farmhouse,-2306.8,2794.2,1421,-90,1
R138,building,tiled,9781.4,2897.7,1390.3,-90,1
R139,building,tiled,11260.4,2737.4,1403.4,-90,1
R140,building,tiled,12671.6,2753.5,1408.3,-90,1
R141,building,tiled,-12705.8,4478.3,1413.8,-90,1
R142,building,tiled,-11314.6,4323.2,1389.5,-90,1
R143,building,tiled,-9725.3,4472.6,1398.3,-90,1
R144,building,tiled,-8356,4344.8,1411,-90,1
R145,building,tiled,-6775.2,4434.5,1390.8,-90,1
R146,building,tiled,-5261.7,4414.5,1389.7,-90,1
R147,building,tiled,-3724.1,4428.9,1393.4,-90,1
R148,building,tiled,-2399.1,4358.8,1422.1,-90,1
R149,building,tiled,9697.6,4421.3,1390.4,-90,1
R150,building,twoStorey,11106.7,4431.8,1385.4,-90,1
R151,building,farmhouse,12684.5,4459.1,1404.2,-90,1
R152,building,tiled,-11205.7,5993,1406.9,-90,1
R153,building,twoStorey,-9867.2,6019.9,1392.7,-90,1
R154,building,twoStorey,-8295.5,5953.1,1405.1,-90,1
R155,building,tiled,-6705.9,5929.1,1396.7,-90,1
R156,building,tiled,-5291.6,6018,1401.5,-90,1
R157,building,farmhouse,-3818.9,5960.2,1415.2,-90,1
R158,building,farmhouse,-2227.2,6032.4,1406.5,-90,1
R159,building,tiled,2237.5,6031.4,1398.4,-90,1
R160,building,farmhouse,3770,6060.9,1404.6,-90,1
R161,building,tiled,5131.2,6054.2,1407.9,-90,1
R162,building,tiled,6625.7,6051.4,1409.8,-90,1
R163,building,farmhouse,8255.6,5901.1,1391.5,-90,1
R164,building,tiled,9737.1,5955.8,1379.7,-90,1
R165,building,farmhouse,11232.7,5908.5,1410.7,-90,1
R166,building,twoStorey,12682.4,5923,1406.7,-90,1
R167,scatter,stump,-41975,4344.3,1590.4,-219.01,0.931
R168,scatter,stump,-48198.6,6062.3,1272.1,33.28,0.931
R169,scatter,fallenPine,-41977.2,9726.1,1248.9,1.73,1.056
R170,scatter,stump,-55271.7,10547.1,2411.5,52.43,1.016
R171,scatter,stump,-49248,10493.2,1219.3,-17.79,1.017
R172,scatter,fallenPine,-53143.8,11428.7,2084.9,-169.92,1.109
R173,scatter,fallenPine,-53134.8,12921.5,1915.5,-206.9,1.098
R174,scatter,fallenPine,-44433.6,12814.9,1064.8,-201.2,1.078
R175,scatter,fallenPine,-58465.5,18004.7,4118.2,-223.73,1.143
R176,scatter,stump,-51669.3,20290.1,2240.1,-240.24,1.022
R177,scatter,stump,-43752.2,20154.1,1331.8,-159.74,1.124
R178,scatter,stump,-63983.3,20862.7,4164.2,-34.36,0.873
R179,scatter,fallenPine,-43518.1,21969.8,1282.4,-11.9,1.027
R180,scatter,stump,-36961.1,22641.9,1369.1,-34.3,1.121
R181,scatter,stump,-51748.7,24074.8,2124.9,-46.16,0.948
R182,scatter,fallenPine,-42273.5,23986.1,1082.3,-249.46,0.94
R183,scatter,fallenPine,-40624.9,23701.4,1127.3,-221.66,0.987
R184,scatter,stump,-40492.9,25305.2,1046.4,-188.77,0.868
R185,scatter,fallenPine,-60556.4,26094.5,4610.9,-120.9,1.107
R186,scatter,stump,-59971.9,26873.8,4481.1,-177.83,1.106
R187,scatter,stump,-58265.6,26924.5,3618.9,57.82,0.94
R188,scatter,stump,-46282.7,27685.1,1116.1,-246.17,0.99
R189,scatter,stump,-53065.2,28339.5,2951.3,27.79,0.869
R190,scatter,stump,-51768.4,29426.1,2514.1,1.42,0.916
R191,scatter,fallenPine,-55284.1,30245,3425.5,66.03,1.04
R192,scatter,stump,-59535.8,32066.2,4817.2,-187.97,0.969
R193,scatter,stump,58357.6,-34503.6,1054,-166.47,1.123
R194,scatter,fallenPine,48953.5,-31261.2,1194.2,-82.73,1.055
R195,scatter,fallenPine,42391.9,-25992.1,1110.8,-193.23,1.009
R196,scatter,fallenPine,53127.8,-24103.9,1200.6,-185.09,1.098
R197,scatter,stump,58701.1,-22751,3373.9,-197.65,0.934
R198,scatter,fallenPine,47643.9,-22258.2,1161.1,-245.42,0.875
R199,scatter,stump,50113.1,-21969.4,1241.1,-182.95,0.907
R200,scatter,fallenPine,49405.5,-21191.6,1234.9,-231.91,1.05
R201,scatter,stump,45673.7,-20458.8,1168,75.35,1.052
R202,scatter,stump,46737,-20329.9,1123.5,-83,0.921
R203,scatter,fallenPine,39033.6,-18743.8,1145.1,-143.67,1.098
R204,scatter,fallenPine,45793.2,-18868.2,1131.7,-216.01,0.942
R205,scatter,stump,64381.1,-18879.2,5266.9,-168.71,1.095
R206,scatter,stump,56778.4,-18249.3,2126.8,-49.97,0.88
R207,scatter,stump,47511.5,-16494.2,1033.8,-124.29,1.084
R208,scatter,stump,53681,-16075.4,1248.9,-169.76,0.977
R209,scatter,stump,44128.6,-14992.7,1111.9,-135.92,0.863
R210,scatter,fallenPine,57269.6,-14769.2,1946.6,-24.51,1.131
R211,scatter,fallenPine,58218.7,-14427.2,2123.2,-239.35,1.141
R212,scatter,fallenPine,59148.4,-13617.4,2507,-218.75,1.035
R213,scatter,stump,61708.2,-13699.1,3645.3,-197.77,1.126
R214,scatter,fallenPine,54762.9,-13089.4,1235.4,32.47,1.107
R215,scatter,fallenPine,61193.3,-12820.3,3607.7,-122.09,1.06
R216,scatter,stump,44972.4,-9849.8,1169.2,-127.8,0.851
R217,scatter,fallenPine,44612.7,-8637.2,1337.9,-49.52,0.94
R218,rock,1,-71858.9,-29038.5,6710,72.79,0.511
R219,rock,1,-71656.8,-28879.8,6759.9,-215.82,1.214
R220,rock,2,-71164.4,-29282.6,6643.3,11.62,0.972
R221,rock,0,-69844.3,-28937.4,6737.9,79.15,0.386
R222,rock,1,-68893.7,-29187.7,6681.9,-41.4,1.507
R223,rock,1,-68273.9,-28703.6,6824.1,-252.58,1.538
R224,rock,1,-67931.1,-28685,6851.5,-245.07,0.504
R225,rock,1,-67240,-28448.2,6871.6,-242.4,0.944
R226,rock,1,-65299.8,-28754.1,6457.8,-4.83,0.569
R227,rock,2,-64773.6,-30071.9,6269.7,-183.47,1.518
R228,rock,0,-64515.7,-28474.6,6279,88.77,0.579
R229,rock,2,-64127.1,-28203.9,6389.9,-175.14,0.559
R230,rock,2,-63253.3,-28522.4,5978.6,-154.93,0.519
R231,rock,2,-62842.6,-28319.4,5901.6,53.31,0.576
R232,rock,1,-62421.6,-28175.1,5744.6,-229.54,1.151
R233,rock,0,-61397.6,-29736.7,5326.2,-193.79,1.543
R234,rock,1,-61103.8,-28056.5,5321.1,-4.74,0.689
R235,rock,2,-60478.6,-30000.5,5161.9,40.11,1.338
R236,rock,0,-60023.2,-30033.3,4856.8,-83.13,0.363
R237,rock,1,-57774.1,-29408.3,4505.5,-232.65,0.96
R238,rock,1,-55873.4,-29713.4,3906.6,4.07,1.195
R239,rock,1,-55567.3,-27620.1,3767.6,-91.17,1.426
R240,rock,2,-54616.5,-27649.3,3455.9,-81.45,0.329
R241,rock,1,-54161.3,-27390.3,3348.7,-38.81,1.14
R242,rock,2,-53223.7,-27236.8,3041.9,-83.3,0.487
R243,rock,2,-51226.1,-28969.4,2120.3,25.38,0.54
R244,rock,0,-50845.9,-27606.7,1952.4,-40.52,0.553
R245,rock,1,-49025.4,-27130.8,1718.4,22.04,0.626
R246,rock,0,-48485.4,-28822.3,1519.8,-188.75,1.552
R247,rock,0,-48030,-28985.8,1463.5,-103.55,0.738
R248,rock,2,-47676.3,-26963.7,1533.3,-137.57,1.497
R249,rock,1,-47149.7,-28923.4,1493.4,-40.17,1.557
R250,rock,1,-46785,-27073.5,1415.3,-137.44,0.512
R251,rock,0,-46283.2,-28931.4,1376.7,-221.49,1.493
R252,rock,2,-45495,-26814.7,1304.8,15.02,0.637
R253,rock,1,-44231.1,-27329,985.9,-131.11,0.313
R254,rock,2,-43827.6,-27144.5,1091.7,-125.47,1.333
R255,rock,0,-43427.6,-27065,1065.4,5.87,0.674
R256,rock,0,-41512.4,-26841.4,1186.1,-236.68,1.172
R257,rock,2,-41156.6,-27098.2,1115.4,-199.07,0.331
R258,rock,0,-40859.5,-28659.7,992.5,81.07,1.316
R259,rock,0,-38452.5,-29216.3,1127.4,-115.17,0.359
R260,rock,2,-36388.1,-27476.8,1149.2,49.49,0.482
R261,rock,2,-35972,-27632.6,1156,-82.55,0.334
R262,rock,2,-35089.1,-27615.6,1174.8,49.59,0.476
R263,rock,2,-34673.9,-27687,1186.5,12.97,1.427
R264,rock,1,-33571.5,-28261.5,1149,-130.95,0.666
R265,rock,0,-33120.9,-30515.1,1192.6,-227.3,1.37
R266,rock,0,-31741.4,-28846.7,1167,-196.4,0.508
R267,rock,2,-31941.7,-30435.1,964.7,-34.64,0.49
R268,rock,0,-31021.5,-31031.2,1099.5,15.85,0.464
R269,rock,1,-29989.2,-29396.5,1107.5,-22.44,0.4
R270,rock,2,-30347.7,-31266.6,1034.3,-102.03,0.481
R271,rock,1,-29019.3,-29857.2,1094.6,1.42,0.473
R272,rock,0,-28719,-30061.4,1053.5,-267.63,1.511
R273,rock,2,-28111.5,-30452.2,1013.8,9.87,0.639
R274,rock,2,-25793.7,-31423.8,967.8,-165.41,0.658
R275,rock,2,-25005,-31343.2,1053.4,-60.84,0.426
R276,rock,2,-24622.9,-32965.8,988,-24.98,0.492
R277,rock,0,-23973.7,-31902.8,952,51.11,1.001
R278,rock,1,-23546.3,-31763.5,1045.7,75.71,0.421
R279,rock,0,-23161.4,-31847.9,1021.3,25.37,0.526
R280,rock,2,-22631.4,-33833.2,1196.7,-75.92,0.345
R281,rock,0,-21702.1,-33715.4,1083.2,-117.41,0.359
R282,rock,0,-21246.7,-33849.5,1052.2,13.33,0.945
R283,rock,1,-19862.8,-33859.7,1107.4,54.74,0.572
R284,rock,2,-19515.8,-33771.2,1043.1,-148.51,0.613
R285,rock,2,-16748.7,-32200.5,1011.6,-225.1,0.722
R286,rock,0,-13612.2,-33797.7,1187.8,-222.07,0.743
R287,rock,0,-13095.1,-31492.3,1155.2,-139.35,0.406
R288,rock,0,-11893.9,-31707,1072,22.95,0.584
R289,rock,2,-11505.8,-31635.6,1073.6,-258.36,1.02
R290,rock,2,-10113.6,-32930.7,1008,-72.91,0.956
R291,rock,0,-9893,-31621.5,983.2,66.42,0.748
R292,rock,1,-8912.3,-32692.9,1009.5,-221.55,0.672
R293,rock,2,-8328.3,-31064.4,1066.5,-81.97,1.112
R294,rock,1,-7669.2,-32647.3,1034.7,-58.12,1.096
R295,rock,1,-7471.5,-31211.8,1007.9,-128.12,0.925
R296,rock,1,-5145.6,-32596.9,1182.8,-115.5,0.545
R297,rock,0,-4776.9,-32237.3,1083.6,-216.11,0.459
R298,rock,0,-3953.4,-32060.6,1041.5,-11.56,0.525
R299,rock,0,-2308.6,-31658.5,964.3,-62.57,0.484
R300,rock,1,-1719.4,-29829.1,1172.3,-97.74,0.633
R301,rock,2,-1054.2,-31484.6,963.8,23.18,1.466
R302,rock,0,-869.2,-29753.3,1121.6,-222.43,1.463
R303,rock,2,423.2,-29770.8,1072.2,51.33,0.644
R304,rock,1,1712.1,-29801.2,1010.9,79.17,0.509
R305,rock,2,2302.1,-31227.2,1040.5,-61.67,0.361
R306,rock,2,2748.6,-31472.3,1193.4,-226.35,0.513
R307,rock,2,2985.3,-29757.7,995.9,-24.92,1.171
R308,rock,0,3388.4,-29547.8,1048.6,32.51,0.346
R309,rock,0,4783,-31052.5,1041.3,-59.71,1.226
R310,rock,1,5891.9,-29209.8,1069.5,-183.77,0.511
R311,rock,0,6800.1,-30631.4,971,88.67,0.659
R312,rock,1,7552.5,-29073.5,1133.5,-162.88,0.727
R313,rock,1,8013.7,-30759,1048.3,-232.3,0.454
R314,rock,1,8809.7,-30833.7,1012.5,-141.49,0.612
R315,rock,1,11136.1,-31143.2,1201.7,-175.02,0.738
R316,rock,0,12005.4,-29457.5,1013.4,-64.49,0.331
R317,rock,1,13077.8,-31032.5,1065.5,-71.58,0.922
R318,rock,1,14431.6,-29191.6,1187,-92.59,0.575
R319,rock,0,15428.9,-30979.6,956.4,-3.83,0.361
R320,rock,1,16745.3,-29992.7,984.3,-192.18,0.713
R321,rock,1,18917.4,-31495.3,972.3,-108.38,0.92
R322,rock,0,20767.8,-32347.8,1200.7,-224.1,0.735
R323,rock,2,21846,-30811.5,963.4,46.93,0.4
R324,rock,1,22341.7,-30311.2,1201.3,-183.07,0.983
R325,rock,0,23022.7,-31014.6,945.3,-13.86,0.664
R326,rock,0,24617.8,-31152.8,1028.9,-269.11,0.558
R327,rock,1,25011.3,-31216.7,1038,-27.59,1.01
R328,rock,0,25820,-31229.1,1034.2,-104.55,0.652
R329,rock,0,26152.4,-31617,973.4,31.25,0.621
R330,rock,0,26604.5,-31369.7,1120,-174.62,0.955
R331,rock,2,27446.2,-33396.3,1017.7,-112.1,0.355
R332,rock,0,28685.1,-33312.1,894.6,-65.78,0.392
R333,rock,2,30100.2,-32193.1,866.6,-74.91,1.217
R334,rock,0,30562.9,-31845.9,1005,-19.12,0.684
R335,rock,2,31697.7,-32301.3,926.4,-40.53,0.576
R336,rock,0,31875.1,-33763.3,802.3,13.4,1.269
R337,rock,0,32646.3,-34074.4,867,-1.57,1.542
R338,rock,2,33438.9,-34264.6,869.5,-76.23,1.582
R339,rock,1,35253.7,-32742.6,885.5,-127.15,1.264
R340,rock,2,36832.4,-32976.5,902.5,29.21,0.725
R341,rock,0,37110.9,-34426.1,822.1,-10.21,0.367
R342,rock,2,38438.1,-32903.8,987.5,-198.04,0.679
R343,rock,2,40792.6,-33463.8,822.7,-82.2,0.319
R344,rock,2,41162.9,-35106.1,974.4,50.85,0.592
R345,rock,0,41591,-33222.9,928.1,-26.12,0.451
R346,rock,0,41996.6,-32961.9,971.3,81.69,0.326
R347,rock,1,42817.4,-33181.1,928.2,-213.61,0.547
R348,rock,2,44949.8,-33363.4,850.4,-73.16,0.539
R349,rock,2,45420.4,-34608.8,803.1,-118.72,0.647
R350,rock,1,45864.5,-34590.8,834.6,60.18,1.452
R351,rock,0,46327.3,-35050.6,1027.2,-208.29,0.358
R352,rock,0,46717.7,-33362.5,790.7,-221.64,0.732
R353,rock,2,47222.4,-34784.6,885.3,78.75,0.669
R354,rock,2,49523.3,-34865.1,1001.8,-126.89,0.432
R355,rock,0,50433.4,-34519.3,860.8,13.03,1.113
R356,rock,0,51369.3,-34581.1,862.6,-82.74,0.497
R357,rock,0,52182.4,-32703.8,985.4,71.51,0.331
R358,rock,0,54633,-34481.3,979.5,-51.44,0.63
R359,rock,0,55072.3,-34130.5,820,-60.12,0.37
R360,rock,0,55568.1,-34549.3,988.6,-206.95,0.351
R361,rock,1,56031,-34542.7,1022.8,-262.58,0.969
R362,rock,2,58307.5,-34364.2,1005.7,12.29,0.364
R363,rock,1,58742.7,-34169.9,930,59.75,0.541
R364,rock,1,59011.2,-32063.4,989.6,-102.47,1.205
R365,rock,1,59466.4,-32192.3,1018.1,-143.51,0.528
R366,rock,1,60508,-34031.4,946.5,-127.12,0.749
R367,rock,2,60795,-32355.7,813.1,-23.04,0.336
R368,rock,1,61626.2,-32047.8,924.7,40.02,0.327
R369,rock,1,62611.5,-33604.4,880.1,20.54,1.345
R370,rock,0,62866.4,-31857.8,959.3,2.79,0.404
R371,rock,2,63843.3,-33590.1,878.3,-108.56,0.553
R372,rock,1,64220.8,-33335.5,867.6,-144.77,0.536
R373,rock,2,65415.1,-33584.3,1007.8,-192.7,1.212
R374,rock,0,67751,-31634.3,877,-77.2,1.428
R375,rock,0,68401.9,-31555.6,822.6,-131.7,1.273
R376,rock,1,68706.3,-31407.1,891.8,-55.81,0.569
R377,rock,1,68989.8,-31110.3,1037.7,-38.13,0.66
R378,rock,0,69452.4,-32919.7,832.6,72.25,0.965
R379,rock,0,69737.8,-32841.9,837.9,-155.46,0.747
R380,rock,0,70709,-31477.4,812.4,12.2,0.979
R381,rock,1,71554.3,-33179.3,1012.5,-259.76,0.528
R382,rock,crag,25989.7,-54550.8,3556.1,-200.91,8.547
R383,rock,crag,65622.7,39767.5,5491.8,-35.82,8.833
R384,scatter,deadTree,-63264.9,-61237.6,4801.5,-113.92,0.974
R385,scatter,deadTree,-32961.7,-58047.5,4407.5,-35.14,0.768
R386,scatter,deadTree,-25919.3,-60670.2,4115.2,-129,0.782
R387,scatter,deadTree,-10123.1,-57703.8,4443.6,77.93,0.802
R388,scatter,deadTree,-1111,-58805.8,4023.5,-105.94,0.706
R389,scatter,deadTree,31601,-60367,3683.6,-264.91,0.809
R390,scatter,deadTree,37820.5,-58112.9,4570.7,-140.86,0.747
R391,scatter,deadTree,-2046.4,-54746.4,3474.7,68.93,0.77
R392,scatter,deadTree,18106,-51722.1,2286.2,-90.22,0.715
R393,scatter,deadTree,32690.2,-55552.9,3091.8,21.63,0.851
R394,scatter,deadTree,35560.2,-52669.2,3189.1,-151.02,0.878
R395,scatter,deadTree,-34307,-47264.8,1899.8,-47.1,0.724
R396,scatter,deadTree,-39090.8,-36082.7,2101.3,28.18,0.751
R397,scatter,deadTree,-25631.2,-35169,1378.8,-137.34,0.788
R398,scatter,deadTree,-11142.6,-40128.8,1571.7,-210.93,0.986
R399,scatter,deadTree,9789.1,-41294.5,1421.1,-32.35,0.889
R400,scatter,deadTree,53709.2,-40788,2240.6,-138.7,0.84
R401,scatter,deadTree,-15986.8,-34382.9,1215.2,-47.04,0.948
R402,scatter,deadTree,-3709.6,-30003.4,1201.8,-6.1,0.898
R403,scatter,deadTree,8286.3,-33371.4,1657.3,-174.2,0.795
R404,scatter,deadTree,29517.7,-34373.5,1071.9,10.65,0.806
R405,scatter,deadTree,45333.6,-29950.2,1351.1,89.35,0.859
R406,scatter,deadTree,53913.2,-31836.1,1249.1,-103.18,0.952
R407,scatter,deadTree,-53379,-26888.6,3124.6,59.65,0.893
R408,scatter,deadTree,-10055.6,-21112.5,1553.9,-2.46,0.863
R409,scatter,deadTree,8669.3,-25169.1,1325.2,-214.77,0.763
R410,scatter,deadTree,24007,-21237.5,1537,-193.2,0.773
R411,scatter,deadTree,31436.2,-22687.1,1240,-8.98,0.995
R412,scatter,deadTree,61373.2,-22719.6,5097.6,-197.01,0.734
R413,scatter,deadTree,51049.1,-18435.1,1099.2,-2.31,0.749
R414,scatter,deadTree,60648.7,-20349.7,4720.8,-67.93,0.782
R415,scatter,deadTree,-65086.2,-10403.7,4519.1,55.48,0.817
R416,scatter,deadTree,-44969.8,-10827.9,1474.4,-199.33,0.781
R417,scatter,deadTree,20532.3,-11228.6,1310.3,71.32,0.935
R418,scatter,deadTree,-40735.7,-6172.8,1302.8,12.91,0.984
R419,scatter,deadTree,52693.4,-637.3,1340.6,-42.36,0.955
R420,scatter,deadTree,-62218.3,2225.3,6061.8,-199.28,0.938
R421,scatter,deadTree,-50731.3,4822,1884.2,0.51,0.841
R422,scatter,deadTree,-48658.6,2080.8,1673.3,72.34,0.856
R423,scatter,deadTree,27440.3,373.5,1823.1,74.58,0.85
R424,scatter,deadTree,41958.2,2186.9,1636,-164.83,0.819
R425,scatter,deadTree,-67527.8,7813.4,6077.6,-126.76,0.931
R426,scatter,deadTree,-50112.8,8642.9,1429.9,-217.81,0.955
R427,scatter,deadTree,-15351.4,12183.9,1536.7,34.33,0.764
R428,scatter,deadTree,34467.1,11211.9,1403.8,-266.61,0.747
R429,scatter,deadTree,51678,10657,1315.1,63.88,0.913
R430,scatter,deadTree,-39809.7,16440.9,1515.3,-261.59,0.877
R431,scatter,deadTree,-1294.2,20244.3,1711,2.54,0.986
R432,scatter,deadTree,19197.8,18589,1407.3,-99.59,0.755
R433,scatter,deadTree,26765.6,14708.9,1245.5,-168.44,0.924
R434,scatter,deadTree,-61739.4,21086.9,4098.7,-112,0.712
R435,scatter,deadTree,-38127,23011.8,1250.1,-157.7,0.841
R436,scatter,deadTree,-69326.3,31162.8,6571.5,-211.12,0.8
R437,scatter,deadTree,-62925.4,32743.4,5409.8,-220.29,0.979
R438,scatter,deadTree,-30143.7,28779.2,1266.1,8.44,0.712
R439,scatter,deadTree,18058.8,32738.9,923.2,-192.96,0.731
R440,scatter,deadTree,-43932,40838.2,1160.4,-128.57,0.887
R441,scatter,deadTree,-36014.8,40376.3,1485.4,-59.71,0.708
R442,scatter,deadTree,15232.5,35773,1154.8,-22.32,0.735
R443,scatter,deadTree,68123.4,38193.4,6263.1,-80.44,0.884
R444,scatter,deadTree,-64756.2,48190.9,6297.4,-4.78,0.98
R445,scatter,deadTree,-45220.9,47332.6,1239.6,83.58,0.95
R446,scatter,deadTree,-35538.6,46036.2,1451.5,-34.93,0.746
R447,scatter,deadTree,32098.9,46816.5,1943.8,-178.85,0.991
R448,scatter,deadTree,-39645.6,54415.3,1499.4,-41.38,0.964
R449,scatter,deadTree,-14444.5,49727.1,1543.5,-137.27,0.836
R450,scatter,deadTree,-6807.4,55278.5,1907.1,-18.76,0.778
R451,scatter,deadTree,10656.4,49193.6,1776.8,-242.1,0.991
R452,scatter,deadTree,35243.6,49080.8,1774.7,34.97,0.899
R453,scatter,deadTree,-46701.5,58682.7,2894.9,-162.42,0.713
R454,scatter,deadTree,-40190.1,61043.7,3868.3,-139.83,0.964
R455,scatter,deadTree,-16476.6,58019,2314.4,-16.82,0.788
R456,scatter,deadTree,9180,59120.7,3686.2,-237.97,0.988
R457,scatter,deadTree,32862.8,61952,2456.9,78.86,0.728
R458,scatter,deadTree,37934.5,57722.6,2270.8,-184.62,0.739
R459,scatter,deadTree,65424.6,61797.4,4960.9,-19.58,0.905
R460,scatter,deadTree,-64662.6,63327.5,5451.3,-26.75,0.928
R461,scatter,deadTree,-61093.2,65706.5,4164.7,-40.83,0.706
R462,rock,0,-63187.8,-69217,5453.2,-18.36,0.55
R463,rock,1,-60790.2,-69386.4,5730,-245.91,1.633
R464,rock,1,-55906.6,-69482.9,6133.4,-88.33,0.692
R465,rock,0,-53250.7,-69100.3,6086.6,25.59,0.511
R466,rock,1,-43583.2,-69218.4,6489,36.85,0.61
R467,rock,1,-23786.4,-69797.1,5770,53.33,2.258
R468,rock,1,-7902.3,-69515.7,6736,86.78,0.516
R469,rock,2,4606.6,-69923.3,4617.1,-211.34,0.431
R470,rock,0,18755.2,-69174.2,6107.9,-166.66,0.299
R471,rock,0,24198.9,-69407.5,6662.4,-16.67,0.669
R472,rock,0,27275.2,-69271.3,6337.5,-122.46,0.376
R473,rock,2,34904.6,-69166.7,6022,-83.9,1.953
R474,rock,0,42041.9,-69486.5,4882.6,-134.25,2.449
R475,rock,2,52599.4,-69401.1,4690,-31.49,0.645
R476,rock,1,57686.2,-69404.5,5640.5,-32.77,1.716
R477,rock,1,60338.4,-69195.2,6221.6,-113.18,0.562
R478,rock,1,61467.3,-69906.7,5967.1,19.05,0.478
R479,rock,0,-59569.8,-68929.2,5766,-163.67,0.533
R480,rock,1,-50508.1,-68569.6,6412.6,-231.67,0.584
R481,rock,0,-48820,-68326,5811.7,-209.89,2.336
R482,rock,1,-31696.6,-68790.6,4620.8,-192.82,0.341
R483,rock,0,-7896.2,-68335.8,6857.5,-225.79,1.214
R484,rock,0,-5599.8,-68443.6,6876,-72.83,0.512
R485,rock,1,-2924.6,-69028.2,6541.3,-90.24,2.885
R486,rock,2,-1115,-68237.6,5827.2,-226.27,0.47
R487,rock,0,13514.4,-68701.4,5794.5,-37.93,0.447
R488,rock,2,17977.6,-68695.3,5751.1,63.19,0.601
R489,rock,1,35869,-68698.3,6280.6,-30.14,0.628
R490,rock,0,48941.8,-68313.2,5196.8,-10.29,0.344
R491,rock,0,55885,-68863.1,4943.8,1.61,0.399
R492,rock,0,61146.8,-68881,6733.2,30.05,0.6
R493,rock,0,66924.8,-68294.3,6568.2,-143.6,3.106
R494,rock,0,68552.9,-68972.7,6252.4,-124.22,0.269
R495,rock,1,69821.9,-68692.2,6208.1,-214.93,0.61
R496,rock,0,-49072.1,-67647,5713.6,-232.38,0.645
R497,rock,0,-45884.9,-67551.2,5291.1,-33.55,0.522
R498,rock,2,-43629.1,-67480.2,5676.5,-0.42,2.059
R499,rock,1,-12339.4,-67606,6538.7,36.81,3.105
R500,rock,0,-9549.2,-67308.1,6765.3,-22.68,0.422
R501,rock,0,-5938.9,-67383.4,6782.9,-204.92,0.637
R502,rock,2,6116.8,-67546.9,5028.2,-98.56,0.531
R503,rock,2,7360.4,-67558.5,5475.4,51.12,1.008
R504,rock,2,19022.2,-67496,5920.4,83.99,0.576
R505,rock,0,36534.9,-67515.3,6500.3,25.79,0.572
R506,rock,0,37995,-67693.8,5696.2,53.13,0.372
R507,rock,1,46235.5,-67477.7,6125.8,-234.63,0.505
R508,rock,1,-67833.1,-67105.1,5104.3,-91.15,1.626
R509,rock,1,-59210.1,-67086.3,5507.5,-49.29,0.366
R510,rock,0,-48728.4,-66928.9,5334.7,-23.19,0.439
R511,rock,1,-44669.8,-66824,5858,80.83,0.332
R512,rock,1,-33593.5,-66433.4,4596.4,-124.6,0.627
R513,rock,0,-20801,-66812.9,5556.3,-57.05,0.518
R514,rock,2,-409.6,-66796.2,6032.3,-260.45,0.254
R515,rock,0,19958.7,-66417.2,5702.6,-262.02,2.692
R516,rock,1,20544.5,-66698.9,5865.2,-114.33,0.635
R517,rock,0,29866.2,-67153.5,5543.1,-51.76,1.52
R518,rock,0,33589.4,-66992.8,5295.3,-34.07,0.301
R519,rock,1,35692.2,-67071,5732.5,56.48,2.606
R520,rock,2,36916.8,-66526.6,6188.4,-211.75,0.41
R521,rock,0,38051.9,-67283.1,5745.3,-252.72,0.256
R522,rock,1,46755.9,-66701,6215.5,-153.79,0.425
R523,rock,2,65243.3,-66459.4,6174.6,56.98,1.451
R524,rock,2,-54105.1,-65779.7,5542.2,-136.37,0.253
R525,rock,0,-48123.8,-66329.7,5045.2,-189.35,0.491
R526,rock,2,-40483,-66283,6010,-242.31,0.303
R527,rock,2,-10554.3,-66397.8,6328.3,-115.54,0.465
R528,rock,0,-589.5,-65679.5,6063.3,-145.15,0.36
R529,rock,2,4119.5,-65933.8,5249.6,-135.29,0.555
R530,rock,2,5793.7,-65919.5,5459.7,-169.45,0.684
R531,rock,2,13936.9,-66343.7,5369.2,-33.12,0.562
R532,rock,2,28265,-66021.5,5516.4,-251.82,0.575
R533,rock,0,35970.4,-65530,5845.7,-72.37,0.279
R534,rock,2,44394,-65797.6,5064,-127.38,0.314
R535,rock,2,47677.1,-66133.8,6515.7,-85.64,1.83
R536,rock,1,51182.9,-66284.5,4871.1,-44.19,0.256
R537,rock,2,60955.1,-65569.6,5898.4,-114.52,0.528
R538,rock,0,-44885.1,-65046.8,5483.7,-230.11,0.32
R539,rock,2,-26177.2,-64806.5,5119.7,-89.58,0.538
R540,rock,0,-17220.5,-65331.4,6042,-74.88,2.193
R541,rock,1,-13104.6,-64765.1,6638.1,-195.08,0.475
R542,rock,1,-9618.9,-65427.3,6592.2,-59.59,0.648
R543,rock,0,-8663.5,-65481.6,6505.6,-103.46,0.469
R544,rock,0,-899.1,-64795,6052.9,-35.24,0.606
R545,rock,2,4262.2,-64977.7,5807,-42.24,0.304
R546,rock,0,8290,-65436.3,5747.2,-62.18,0.463
R547,rock,0,11283,-65348.8,5359.2,-106.86,1.776
R548,rock,1,12949.5,-65244.7,5505.8,-80.76,0.453
R549,rock,1,24094.2,-65162.3,6223.6,-40.15,0.345
R550,rock,0,25825.8,-65492.8,6101.9,-33.31,0.295
R551,rock,0,48933.5,-65477.1,5792,40.95,1.57
R552,rock,1,65822.3,-64634.6,5157.2,84.19,1.296
R553,rock,1,68880.5,-65104.4,5883.4,31.59,0.531
R554,rock,1,-39936.3,-64192.6,5790.1,-103.8,0.309
R555,rock,2,-20976.4,-63710.4,5257.3,-43.72,0.476
R556,rock,0,-15325,-63711.9,5911.6,-202.79,0.51
R557,rock,0,-9216.6,-64286.7,5818.5,-181.49,1.373
R558,rock,1,-2108.2,-64583.2,5911.9,13.7,1.152
R559,rock,1,950.8,-64527.7,5785.2,-181.37,0.405
R560,rock,1,3056.3,-64460,5919.9,-129.52,0.583
R561,rock,0,20563.5,-64598.3,5880.4,35.66,0.635
R562,rock,0,22209.9,-64406.9,5904.9,-80.08,0.359
R563,rock,1,26409.1,-64428.5,5843,-263.15,1.935
R564,rock,1,36273.6,-64005.3,5917.3,-1.19,0.356
R565,rock,2,42254.1,-64508,4960.2,-111.18,0.257
R566,rock,2,50629.5,-64047.4,5798.6,-39.02,0.333
R567,rock,1,53205.2,-63873.6,4663.2,-212.37,2.354
R568,rock,2,55826.9,-64239.3,4354.2,-35.04,0.649
R569,rock,2,69705.2,-64052,6245.5,-216.75,2.907
R570,rock,0,-66513.5,-63575.7,4597.8,28.33,0.538
R571,rock,1,-10942.5,-62893.5,6105.2,-107.9,0.357
R572,rock,2,-9063,-63441.8,5531.9,-102.51,2.92
R573,rock,2,-2782.5,-63671.6,5301.3,41.22,0.497
R574,rock,0,2596.8,-63335,5691.1,-64.37,1.723
R575,rock,2,3874.1,-63267.8,5254.4,-168.3,3.096
R576,rock,1,15009.9,-63139.7,5604.8,81.93,0.307
R577,rock,2,53396.6,-63465,4610.2,32.3,0.518
R578,rock,2,62046.7,-63071.9,5571.7,-226.95,3.037
R579,rock,2,69014.4,-63273.2,6192,-175.82,2.733
R580,rock,1,-68079.2,-62072.3,5582.9,-31.19,0.319
R581,rock,2,-66382.5,-62767.2,4765.4,23.13,0.392
R582,rock,2,-53734,-62748.9,4760.7,0.64,2.016
R583,rock,2,-39601.3,-62620.2,5219.7,-208.11,0.549
R584,rock,2,-22115.1,-62685.7,5183.2,-258.99,1.04
R585,rock,2,-16942.6,-62057,5802.9,-185.7,0.376
R586,rock,1,-10035.7,-62430.1,5448,-110.3,1.681
R587,rock,2,2448.6,-62373.2,5182.9,-182.85,0.664
R588,rock,0,17618.3,-62616.1,5093.6,-129.6,0.426
R589,rock,0,36790.9,-62579.6,6131.4,-180.39,0.393
R590,rock,2,49616.3,-62531.5,5464.1,-151.84,1.787
R591,rock,1,59246.4,-62024.5,5216,-193.55,0.384
R592,rock,1,69373.7,-62132.3,5975,-38.22,0.622
R593,rock,0,-67116.1,-61725.3,5172,33.59,0.308
R594,rock,0,-64498.5,-61177.1,5022.8,-118.89,1.085
R595,rock,2,-33152.3,-61186.3,4507.5,-192.93,0.472
R596,rock,1,-19826.5,-61151.7,4475.6,-84.82,1.657
R597,rock,1,-10330,-61566.4,5272.2,-195.22,0.418
R598,rock,2,-5063.1,-61592.6,5229.4,-236.02,0.577
R599,rock,1,-3398,-61739.7,4751.8,-111.98,0.317
R600,rock,0,20443.4,-61150.6,4824.3,-203.28,0.385
R601,rock,2,35102.9,-61720.2,4912.4,10.43,0.317
R602,rock,1,36594.3,-61645.4,6032,61.33,0.39
R603,rock,2,-67427.7,-60611.2,5535.2,-110.68,0.385
R604,rock,1,-48786.1,-60869.5,5723.8,-128.26,0.652
R605,rock,1,-30206.8,-60488.7,4670.6,-166.21,0.259
R606,rock,0,-22801.1,-60160.5,4088.6,70.21,0.583
R607,rock,0,-16319.6,-60955.5,5564.2,19.02,0.477
R608,rock,2,24669.4,-60353.3,5249,-224.93,0.377
R609,rock,1,45732.3,-60319.4,5209.4,-20.21,0.271
R610,rock,0,66704.8,-60176.7,4486.9,-130.72,0.268
R611,rock,0,-60799.8,-59383.7,5257.6,52.93,2.923
R612,rock,1,-56328.5,-59581.6,4469.7,-139.15,3.188
R613,rock,2,-47189,-59495,4987.1,-108.43,0.277
R614,rock,2,-45909.8,-59841.4,4816.1,46.69,0.291
R615,rock,2,-13004.5,-59662.5,4313.4,-257.66,0.436
R616,rock,2,6497.8,-59909,4102.1,-52.49,0.647
R617,rock,1,14368.8,-59997.5,4349.5,-16.64,2.694
R618,rock,0,35927.9,-60093.3,4592.6,-60.39,2.656
R619,rock,2,36464.1,-59696.1,4945.2,32.23,2.649
R620,rock,0,-69580,-58582.1,5851.6,-63.17,0.674
R621,rock,0,-68957.1,-58796.9,5529.4,-61.05,0.65
R622,rock,2,-31985.4,-58872.2,4305.2,-153.45,0.355
R623,rock,2,-24411.3,-58320.6,3806.5,-72.62,0.614
R624,rock,1,-11512.9,-58501.1,3720.6,-73.1,0.442
R625,rock,1,45207.6,-59127.4,5591.5,-93.97,0.627
R626,rock,1,46694.4,-58391.3,5419.6,-30.1,1.455
R627,rock,2,57351.1,-58601.8,3867.5,4.58,2.001
R628,rock,2,-66683,-58028,5702.5,-252.69,0.373
R629,rock,0,-58256.2,-57939.1,3949.5,-163.44,0.637
R630,rock,0,-14332,-58142.4,4018.9,-193.35,1.106
R631,rock,1,15577.2,-57456.2,2928.9,70.61,0.349
R632,rock,0,39551.8,-57468.1,4731.1,-8.35,0.47
R633,rock,1,58949.5,-57731.1,3876.7,-218.84,2.25
R634,rock,0,69807.3,-57539.4,5721.9,-208.77,2.285
R635,rock,1,-56194.3,-56987,3759.5,-170.19,2.196
R636,rock,2,-52640.9,-57275.6,4345.9,-214.11,0.287
R637,rock,1,-33433.3,-57275.9,4129.1,-51.44,0.427
R638,rock,0,-31088.6,-56549.3,4715.7,-215.58,2.128
R639,rock,2,-25437,-57343.9,3648.9,-214.83,0.259
R640,rock,2,-13964.3,-57175.5,3549.2,-188.07,0.283
R641,rock,2,24922.3,-56830.5,4903.6,-65.3,0.621
R642,rock,1,29347.4,-57277.7,3259.9,-259.26,0.35
R643,rock,1,59383.6,-56637,3446.9,-113.1,0.594
R644,rock,2,-58661.2,-56479.8,4286,19.85,0.568
R645,rock,2,-49382.5,-56450.9,5855.7,-153.06,3.175
R646,rock,2,-23222.6,-56312.4,3701.3,-204.65,0.446
R647,rock,2,-10951.9,-56423.1,3519.2,46.55,2.891
R648,rock,1,-9942.9,-56141.4,3673.9,-202.54,0.525
R649,rock,0,20912.2,-55704.6,3477.3,-104.95,0.463
R650,rock,2,27469.3,-55901.2,3417,-101.07,0.413
R651,rock,2,55744.8,-56075.6,3349.2,-66.41,0.509
R652,rock,0,59605,-56288.6,3389.8,-257.6,1.535
R653,rock,2,65703.3,-55974.2,4860.9,21.67,0.43
R654,rock,0,-62376.3,-55502.5,5295.9,-31.11,0.524
R655,rock,2,-57454.7,-55493.5,4582.9,-38.96,0.316
R656,rock,2,-44197.9,-55235.8,4896.2,81.75,2.925
R657,rock,0,-41894.3,-55023.6,4042.5,-112.69,2.562
R658,rock,1,-32164.6,-55186.3,3653.9,-114.52,0.611
R659,rock,0,-7237,-55439.1,3544.7,-204.12,0.536
R660,rock,2,31621.3,-54958.2,2805.7,-184.15,0.66
R661,rock,2,-66385.3,-53988.2,6525.2,-162.54,1.664
R662,rock,1,-62140.6,-54112.5,5772.1,74.2,0.584
R663,rock,2,-52814.9,-54152.6,5245,19.78,0.301
R664,rock,1,-45536.6,-54099.3,5029.3,-202.49,0.302
R665,rock,0,-12406.5,-54228.9,2636.2,-120.41,0.505
R666,rock,0,-4398.7,-54180.6,3253.9,-178.07,0.307
R667,rock,2,23104.3,-54148.4,3677.7,83.55,0.261
R668,rock,2,63712.4,-54625.2,3611.6,-212.03,0.675
R669,rock,0,-68770,-53405.9,5855.5,-210.14,0.485
R670,rock,1,-56625.8,-53693.6,5713.7,-85.07,0.415
R671,rock,0,-55643.9,-53206.1,6253,85.79,2.292
R672,rock,0,-51686.5,-53141.1,6504.1,-197.98,0.64
R673,rock,1,-44286,-53338.4,4635.6,-113.11,0.652
R674,rock,0,-23305.5,-53236.7,2918.6,-248.45,0.295
R675,rock,0,-14318.2,-53543.2,2515.3,-223.21,0.456
R676,rock,1,26698.6,-53224,2067.4,-178.18,2.949
R677,rock,2,28389.8,-53469.4,2152.3,-50.48,0.275
R678,rock,2,-68577.6,-52816.3,6093.5,-146.31,0.519
R679,rock,1,-65917.4,-52363.4,6177,44.21,1.464
R680,rock,0,-64450.4,-52584.3,6071.3,-63.7,0.37
R681,rock,2,-51906.5,-52142,6202.3,-125.21,0.665
R682,rock,1,-50951.7,-52641.4,6833,-6.54,2.404
R683,rock,1,17333.9,-52614.4,2435.4,17.95,0.337
R684,rock,1,35280,-52550.5,3112.9,-240.21,0.445
R685,rock,1,62431.3,-52361.7,4083.3,-176.48,0.407
R686,rock,1,-68621.3,-51655.2,6055.2,-269.58,2.852
R687,rock,2,-66399.6,-51166.8,6044.5,-79.24,0.409
R688,rock,0,-62153.2,-51785,6144.4,72.28,1.365
R689,rock,2,-58827.6,-51944.1,6051.4,-12.04,0.664
R690,rock,0,-56115.4,-51139.7,6080.3,-216.21,0.416
R691,rock,2,-50839.4,-51353.2,6053.7,-227.41,0.348
R692,rock,1,-49291.2,-51198.1,5353,-37.96,0.665
R693,rock,2,-48061.6,-51709,5007.1,-64.48,0.575
R694,rock,0,-45638.4,-51922.5,4698.2,-258.49,1.786
R695,rock,2,-850,-51682,2022.1,-233.62,0.345
R696,rock,0,13391.9,-51546.2,2242.8,-255.23,1.203
R697,rock,1,40128.4,-51319.5,3455.4,-49.42,2.848
R698,rock,2,65181.3,-51477.3,3489.3,-31.43,1.696
R699,rock,1,67399.6,-51649.3,4736.1,-86.47,2.396
R700,rock,2,-62221.9,-50773.7,7017.7,-22.04,0.436
R701,rock,2,-58581.5,-50338.2,5891.8,-14.46,0.289
R702,rock,0,-56569.1,-50589.9,6493.6,-189.2,1.033
R703,rock,1,-54577.6,-50545.6,6547.5,49.15,3.064
R704,rock,0,-53014.9,-51031.5,5679,72.17,0.459
R705,rock,1,-37619.9,-50528,2962.2,-67.81,0.698
R706,rock,1,-4089.8,-50895.6,2253.5,-93.93,0.679
R707,rock,1,18875.6,-50367,2021.1,74.12,0.557
R708,rock,1,24746.3,-51065.8,1977.8,-128.88,0.33
R709,rock,1,60573.2,-50849.6,3963.5,26.93,0.564
R710,rock,2,67139.2,-50561.4,4902.6,78.93,2.387
R711,rock,2,-69712.4,-49652.4,6702.7,-193.21,0.605
R712,rock,0,-68600,-49941.3,6603.4,-127.62,0.657
R713,rock,2,-66816,-49391.5,6652,69.17,0.458
R714,rock,1,-57348.5,-49492.6,6916.9,-11.42,0.619
R715,rock,0,-55098.8,-49466.3,6571.4,-136.03,0.403
R716,rock,2,-53533.7,-50133.5,6159.1,-132.16,0.686
R717,rock,2,-51096.8,-49759.4,5851.8,-79.62,0.644
R718,rock,1,-33986.2,-49747.4,2560,-71.08,2.586
R719,rock,2,-27134.2,-49353.2,2112.8,-85.52,2.572
R720,rock,0,-24305.1,-49795,2087.7,-246.29,0.325
R721,rock,0,65169.7,-50066.6,4118.9,-223.34,0.494
R722,rock,1,67799.6,-49851.9,5276.2,-129.64,0.647
R723,rock,0,68708,-49751.1,5937.4,-209.69,2.552
R724,rock,0,-57884.3,-49012.7,6728.2,-206,1.141
R725,rock,0,-56971.1,-48841,7453.4,-194.67,3.112
R726,rock,1,-45274.7,-48592.9,4760,-61.18,0.539
R727,rock,0,-31835.4,-48770.4,2528.2,-41.12,0.343
R728,rock,0,-58760.3,-47781.1,6934.2,-248.33,1.086
R729,rock,1,-51326.9,-47959.3,5731.2,-228.15,0.685
R730,rock,1,-45009.5,-47710.9,4118.6,-40.69,0.273
R731,rock,1,-31153.5,-47862.6,2254.5,6.23,0.662
R732,rock,2,-19318.7,-48190.9,1439.8,85.62,0.47
R733,rock,0,28674.1,-47865.3,1593,-160.6,2.095
R734,rock,2,-59061.5,-46860,6862.2,-24.42,0.354
R735,rock,0,-44686.8,-47430.8,3932.1,-159.31,1.67
R736,rock,1,-19983.6,-46697.4,1516.2,-19.59,1.281
R737,rock,0,-8009.5,-47098,1894,-156.44,0.308
R738,rock,0,66607.4,-46841.5,4793.8,-155.63,3.084
R739,rock,1,-63440.1,-46187.3,6327.8,-52.76,0.548
R740,rock,2,-53174.2,-45879.1,7857.4,-266.35,0.674
R741,rock,0,-14773.5,-45767.6,1404.6,-258.49,0.309
R742,rock,2,-12934.6,-46049.6,1476.6,-87.46,0.388
R743,rock,0,18470.5,-45959.4,1248.6,-150.14,0.684
R744,rock,1,59441.9,-45776,3593.5,40.38,3.097
R745,rock,0,68962.6,-46242.2,5579.5,67.51,0.627
R746,rock,0,-64489.1,-45333.4,6453.8,27.73,0.304
R747,rock,0,-57340.5,-45168.1,6350,-26.04,0.394
R748,rock,2,-53444.5,-45016.6,7734,-96.3,0.637
R749,rock,1,-51301.6,-45179.8,6831.1,-2.26,0.392
R750,rock,1,-46228.1,-45649,5315.5,-122.9,0.491
R751,rock,0,16056.6,-45412.7,1470.3,-194.19,0.557
R752,rock,2,41825.9,-45386.1,2120.2,-248.32,0.609
R753,rock,0,49730.1,-45231.4,1876.7,-113.91,0.603
R754,rock,2,55849.6,-45557.8,1896.7,-119.43,0.372
R755,rock,0,65975.6,-45081.1,4074.4,69.55,0.284
R756,rock,2,67891.1,-44807.5,4885.9,-185.88,2.104
R757,rock,1,-64353,-44166.3,6687.1,-37.38,0.651
R758,rock,2,-55907.2,-44381,7559.6,-16.13,1.943
R759,rock,2,-52506.8,-44329.6,7387.7,81.72,0.255
R760,rock,1,-49872.3,-44092.5,6283,-29.26,2.292
R761,rock,1,-48981.7,-44225.5,5608.3,-251.07,0.449
R762,rock,2,-11005.8,-43926.6,1655.1,-190.21,2.31
R763,rock,1,-459,-44696.1,1557.4,-70.91,2.551
R764,rock,1,-67706,-43029.3,6488.4,-18.12,0.411
R765,rock,0,-67249.9,-43713.6,6853.4,-102.38,0.39
R766,rock,0,-64867,-43778.3,6848.4,-139.52,0.303
R767,rock,1,-64154,-43266.4,6648.4,-99.97,1.985
R768,rock,1,-61317.1,-43335.6,6794.7,-119.82,0.287
R769,rock,0,-60149.5,-43343.9,7139.6,-45.1,1.223
R770,rock,2,-57665,-43258.8,7495.3,-177.1,2.575
R771,rock,0,-55495,-43729.9,8484.7,55.78,0.257
R772,rock,2,-52846.3,-43604,7871.1,82.69,2.38
R773,rock,1,-51139.9,-43239.2,6689.2,-76.35,0.363
R774,rock,2,-32667.6,-43595,1731.5,-250.89,0.686
R775,rock,1,888.8,-43507.5,1467.9,-27.76,0.385
R776,rock,2,10794.4,-43316.7,1332.5,-11.15,0.663
R777,rock,0,58021.1,-43053.7,3541.6,-111.99,0.676
R778,rock,2,-62394.6,-42236.9,6642.2,-237.95,0.587
R779,rock,0,-54643.2,-42559.8,7449.9,-191.22,2.013
R780,rock,0,-34527.7,-42380.8,1786.4,-80.16,0.561
R781,rock,1,-21817.7,-42850.1,1593.7,63.9,0.638
R782,rock,2,32442.1,-42813.9,1562.8,-266.06,0.273
R783,rock,1,37314.8,-42360.6,1711.5,-56.05,2.317
R784,rock,1,-66290.1,-41540.4,6823.6,-186.72,0.656
R785,rock,2,-63766,-41471.6,6635,-28.65,0.256
R786,rock,2,-54595.3,-41306.8,6811.6,-164.07,0.57
R787,rock,0,-49731.6,-41359,5868.2,-35.55,0.445
R788,rock,0,-48998,-41592.1,5756.8,59.44,3.081
R789,rock,0,-34651.3,-41829.7,1766.7,-51.5,0.382
R790,rock,1,40961.1,-41604.5,1817,14.81,1.61
R791,rock,0,64433.7,-42076.7,4210.3,84.48,0.269
R792,rock,2,-59744.5,-40985.4,8094.9,25.77,0.329
R793,rock,0,-1640.2,-40649.9,1582.7,-87.07,0.637
R794,rock,1,11510.9,-41008.5,1449.9,-43.26,1.673
R795,rock,0,54145,-41071.8,2283.7,-250,0.651
R796,rock,2,55130.7,-40842.1,2540.3,-88.03,2.852
R797,rock,1,61922.5,-40614.2,3890,-172.7,1.092
R798,rock,2,-65850.8,-39405.7,7103.8,-128.67,0.62
R799,rock,0,-65366.8,-39965.5,7409.8,57.16,3.1
R800,rock,2,-64009.1,-39736.7,7651.2,-96.87,0.663
R801,rock,2,-54661.5,-39728.1,6389.7,-79.75,0.541
R802,rock,2,-51488.4,-39632.2,5970.7,-162.41,1.731
R803,rock,2,-44791,-40221.2,3410,51.03,0.446
R804,rock,2,-23283.1,-39480.9,1335.4,78.97,0.253
R805,rock,2,-556.6,-39937.7,1627.1,-249.45,2.664
R806,rock,0,17655.4,-40260.7,1443.8,-192.34,0.336
R807,rock,2,45740.5,-39661.4,1739.7,-129.61,0.265
R808,rock,1,62676.9,-39415.1,3734.2,-76.87,0.291
R809,rock,2,66367.8,-39421.7,5177.1,-123.72,2.139
R810,rock,1,-67816.8,-38527.6,6610.7,2.63,0.366
R811,rock,2,-65893.3,-39355.2,7066.1,74.13,0.528
R812,rock,1,-64832.5,-38760.1,7213.1,72.98,2.777
R813,rock,1,-58853.4,-38675.5,6830.2,-16.59,0.444
R814,rock,2,-52691.6,-39010.8,7181.9,-233.81,2.241
R815,rock,1,-50783.7,-39094.4,5755.2,-44.01,1.238
R816,rock,1,-11651.2,-38729.5,1531.4,-109.09,0.255
R817,rock,0,19903.8,-38539.7,1376.9,-125.72,0.614
R818,rock,1,60620.1,-38618.9,3491,-259.82,0.457
R819,rock,2,63479.1,-38852,3946.2,-107.73,2.987
R820,rock,0,64434.4,-38650.5,4160.7,-92.13,1.817
R821,rock,0,65941.2,-38632.3,5131.6,-54.46,0.436
R822,rock,2,-63735.5,-37808.7,7264.9,-210.62,0.329
R823,rock,1,-56927.3,-37715.5,6744.9,13.6,1.997
R824,rock,2,-52706.6,-37964,6821.3,-237.19,2.972
R825,rock,1,-43179.2,-38406.3,2847.6,-62.55,0.558
R826,rock,2,19048.7,-38262.5,1396.9,8.56,0.336
R827,rock,0,66599.1,-38213.5,5553,-157.99,0.521
R828,rock,1,-56994.2,-37519.7,6565.9,-9.68,1.147
R829,rock,2,-55990,-37333.5,6218.7,-150.03,0.594
R830,rock,1,-52604.6,-37402.8,6679.6,-93.04,0.335
R831,rock,2,-51952.2,-37212.5,6223.1,-208.33,1.698
R832,rock,0,7819.7,-37303.3,1564.5,74.6,2.352
R833,rock,0,51860.2,-36915.3,1579.5,3.65,2.907
R834,rock,0,66328.5,-37093.3,6068.7,-42.5,0.359
R835,rock,0,69333.9,-37167.1,6304.4,33.84,0.295
R836,rock,1,-68708.5,-36358.2,6297.7,-78.5,0.427
R837,rock,1,-64457.7,-36599.8,6434.7,20.22,0.545
R838,rock,1,-46926.6,-36278.6,3245.7,-46.68,0.674
R839,rock,0,-40777.2,-35940.3,2252.5,-60.38,0.283
R840,rock,0,-16741,-36495.7,1408.1,25.86,0.537
R841,rock,0,34024.2,-35925.7,1342.6,-153.04,0.576
R842,rock,0,63969.2,-36205.4,4630.3,-117.5,2.36
R843,rock,1,64290.9,-35953.2,4227.4,-104.62,0.288
R844,rock,1,65985.4,-36059.8,5367.9,-205.59,1.837
R845,rock,1,-56181.4,-35319.2,5777.3,-112.96,0.543
R846,rock,0,-17575.8,-35160,1305.7,3.67,0.444
R847,rock,1,-4833.6,-35526,1677.9,-173.87,0.478
R848,rock,1,28790,-35060.1,1227.9,51.16,0.388
R849,rock,2,34507.2,-35158.9,1117.2,-12.89,3.052
R850,rock,1,62025.4,-35772.2,3357.8,82.94,0.443
R851,rock,2,62745.9,-35404.9,2606.5,-84,1.213
R852,rock,0,69580.1,-35360.4,4908.3,-117.85,1.867
R853,rock,2,-67279.6,-34662.6,6084.1,-154.18,1.678
R854,rock,2,-55037.2,-34035,5749.9,-45.42,0.351
R855,rock,1,-54416.1,-34817.2,5704.3,-42.39,1.041
R856,rock,2,60754.8,-34882.5,1707.4,-35.52,2.32
R857,rock,1,67109.9,-34592.8,2720.3,-195.58,1.045
R858,rock,1,-58824.8,-33684.7,5245.1,31.16,0.342
R859,rock,1,-52697.5,-33391.6,5007.9,-49.35,1.38
R860,rock,1,-34899.4,-33250.8,1558.4,-255.09,1.48
R861,rock,1,16606,-33226.7,1532.6,-149.66,0.306
R862,rock,2,66676.4,-33765.8,1098.3,-217.07,1.051
R863,rock,1,-51622,-32640,3921.4,-119.15,1.198
R864,rock,1,8552.7,-32570.9,1506.4,-44.77,0.265
R865,rock,2,-53458.5,-31491,3956,-163.45,1.546
R866,rock,0,59228.2,-31542.6,1235.6,-153.1,0.438
R867,rock,1,-66213.2,-30793,6875,-115.95,0.578
R868,rock,1,-63066.9,-30423.4,6141.1,81.29,0.626
R869,rock,1,-51464.4,-30594.2,2695.4,-20.11,0.274
R870,rock,1,-17089.5,-30559.2,1389,78.78,0.255
R871,rock,1,38001,-31289.1,1334.7,22.02,0.615
R872,rock,1,43718.2,-30828.3,1462.7,-2.16,0.478
R873,rock,1,49685.6,-31148.2,1230.5,0.5,0.658
R874,rock,1,52688.6,-30939.3,1752.8,-177.05,2.75
R875,rock,2,65045.2,-30656.3,1975,-251.01,1.834
R876,rock,1,-51785.7,-29985.5,2609.2,-213.71,0.563
R877,rock,0,62233.7,-29719.9,4181.2,-13.45,2.395
R878,rock,1,64814.6,-29701.9,4359.6,-113.01,2.602
R879,rock,1,69761.9,-29512.7,3454.2,55.23,0.603
R880,rock,2,-17664.9,-28752.2,1496.2,51.24,0.617
R881,rock,0,56569,-29495,3533.6,-13.97,0.571
R882,rock,0,61269.4,-29063.8,4683.1,12.89,0.567
R883,rock,0,64711.7,-29250.3,5353.4,-224.01,0.547
R884,rock,1,65134.9,-29125.7,5474.3,-171.59,0.474
R885,rock,1,66035.4,-28828.2,5838,-57.47,1.797
R886,rock,2,-5237.5,-28519.4,1543.1,-64.39,0.401
R887,rock,2,44109.6,-28478.6,1287.6,-92.75,0.585
R888,rock,0,-20035.5,-27034.2,1537.6,47.54,2.726
R889,rock,1,26438.3,-27223.5,1359.4,-264.61,0.283
R890,rock,0,60816.1,-27270.8,4962.5,-263.56,0.546
R891,rock,0,-7279.4,-26560.4,1554.9,-179.98,0.511
R892,rock,1,54853.7,-26104.9,2375.9,-197.68,0.395
R893,rock,2,64830,-26234.2,6099.2,54.36,0.624
R894,rock,1,69218.4,-26184.8,6454.1,87.37,2.479
R895,rock,1,-64479.9,-25214.8,6327.6,72.92,0.331
R896,rock,1,-63272.4,-25782.5,6438,52.65,0.268
R897,rock,2,-40769.5,-25809.1,1192,-259.44,0.585
R898,rock,2,-8192.1,-25262.8,1480.6,-14.42,0.557
R899,rock,1,30228.9,-25479,1400.6,-18.87,0.264
R900,rock,0,62140.4,-25741.3,5661.2,-263.12,0.647
R901,rock,1,66389.1,-25741.1,6353.4,-142.23,1.086
R902,rock,2,-62350.9,-24834.8,6039,-164.5,0.69
R903,rock,0,-60252,-24892.3,4669.2,35.1,1.085
R904,rock,0,56565.4,-24702,2567.4,-236.23,0.288
R905,rock,0,58362.4,-24776.9,3322.4,1.32,2.65
R906,rock,2,64110.4,-24247.6,6044,-259.69,0.357
R907,rock,1,65797.5,-24252.7,6190.9,57.16,1.402
R908,rock,2,67409.3,-24148.4,5973.1,-46.11,0.508
R909,rock,2,-56990.6,-23221.1,3540.1,23.75,0.419
R910,rock,0,-45696.3,-23742.5,1172.7,-68.7,0.38
R911,rock,1,57088.9,-23672.2,2440.7,-119.28,2.889
R912,rock,0,66535.7,-23226.2,5791.9,-163.06,2.684
R913,rock,1,-65199.7,-22445,6344.2,46.87,0.296
R914,rock,0,-50699.4,-23105.4,1765.5,-3.7,0.654
R915,rock,2,-30092.8,-22415.4,1616.3,-215.03,0.491
R916,rock,1,-1056.5,-22933.5,1450.6,41.48,1.812
R917,rock,1,64754.7,-22547.8,5562.1,-236.43,0.396
R918,rock,1,-69839,-21754.2,6122.7,78.67,0.651
R919,rock,1,-68190.4,-21499,6387.2,26.72,0.627
R920,rock,0,61665.1,-21762.6,5612.7,-64.48,2.324
R921,rock,2,69736,-22296.8,6069.4,-28.3,2.793
R922,rock,1,-69817.2,-20943.9,6253.7,-2.3,0.483
R923,rock,1,-62920.9,-20789.6,5399.4,-203.4,2.027
R924,rock,1,58063.5,-20588.6,2885.7,-216.35,2.104
R925,rock,2,-53294.9,-20266.7,2395.6,-84.87,0.592
R926,rock,2,56139.9,-19717.6,1812.1,-180.69,0.491
R927,rock,2,60612.6,-20279.5,4672.8,-192.13,0.601
R928,rock,0,64195.3,-19754,5613.1,38.55,2.893
R929,rock,2,65079.6,-20335.3,5857.9,76.14,0.559
R930,rock,1,-54777.6,-18800.1,3089.6,70.34,0.26
R931,rock,1,60043.4,-19541.8,4069,-134,1.914
R932,rock,1,60606.1,-19577.2,4517.8,82.05,0.31
R933,rock,0,62618.1,-19170.2,5155.1,-72.21,0.366
R934,rock,1,-66249.1,-18258.1,5743.5,-80.04,0.398
R935,rock,2,-49670.5,-18020.5,1656.9,-149.05,0.68
R936,rock,2,-27656.1,-18409.9,1570.2,-147.64,0.667
R937,rock,0,6425.2,-18604.2,1436.3,-14.34,0.277
R938,rock,0,58675.3,-18571.8,3568.8,-162.34,2.506
R939,rock,0,61355.8,-18124.5,4796.4,61.4,1.379
R940,rock,1,65419.4,-17980.2,5994.8,-40.16,0.442
R941,rock,1,-63022.1,-17174.7,5286.9,86.94,2.856
R942,rock,0,64908.4,-17354.8,5589.7,51.07,0.353
R943,rock,1,69775.6,-17451.6,5590.5,-195.68,0.56
R944,rock,1,-66133,-16178.7,5258.2,-222.14,1.073
R945,rock,2,-54519,-16111,3064.5,-125.08,0.642
R946,rock,1,65055.4,-16257.6,5117.6,2.22,2.753
R947,rock,1,-69141.5,-15993.7,5760.7,27.45,0.425
R948,rock,0,38261.8,-15284.8,1361.9,-132.68,0.44
R949,rock,2,58874.1,-15869.9,2812.5,-62.35,1.175
R950,rock,1,66028.8,-15765.2,5634,-108.81,3.019
R951,rock,2,-67259.7,-14229.2,5681.2,-94.33,2.376
R952,rock,0,68148.1,-14389.4,6153.6,14.15,0.427
R953,rock,2,-67311.8,-14162,5726.2,-268.4,0.434
R954,rock,2,-64423.6,-13734,4786.1,-118.78,0.488
R955,rock,1,-41412.1,-13459.9,1381.2,-130.74,1.725
R956,rock,0,68095,-13534.8,5946.8,-156.03,0.612
R957,rock,1,-69285.7,-12884.5,6019,-163.81,0.506
R958,rock,1,-54501.4,-13212.5,2400.9,31.14,0.516
R959,rock,0,-62016.5,-11581.9,4229.8,-25.24,0.41
R960,rock,1,-27982.7,-11843.5,1638,46.29,0.585
R961,rock,2,56190.4,-11622.6,1810.4,29.79,0.292
R962,rock,1,60602.6,-12105.2,3416.5,-247.61,3.066
R963,rock,2,68471.3,-12285.1,6047.2,-251.57,0.561
R964,rock,2,-62032.6,-10804.9,4244.6,-127.67,1.177
R965,rock,1,43046.8,-11495.3,1273,67.75,0.396
R966,rock,1,69528.1,-10999,6879.3,-216.74,0.648
R967,rock,1,-65411.8,-9759.7,4507.8,-172.5,0.679
R968,rock,2,-60800.3,-10060.5,3294.7,-81.21,0.305
R969,rock,0,-48820,-9789.4,1660,-166.58,0.639
R970,rock,2,68636.8,-9810.6,6671.1,-174.66,0.693
R971,rock,1,-69871,-9442.6,5967.3,-194.72,0.558
R972,rock,2,18021.5,-8941.3,1478.7,-164.49,0.481
R973,rock,2,69593.1,-9448.5,6972,-122.34,0.584
R974,rock,0,65611.1,-7940.1,6114.5,22.45,0.281
R975,rock,1,69829.8,-7960,6625.4,63.21,0.273
R976,rock,0,-68766,-7140.8,5983.3,-253.79,0.511
R977,rock,2,-62810.9,-7347.3,4489.3,-40.63,0.635
R978,rock,0,-36480.8,-7431.1,1524.8,-258.32,0.512
R979,rock,0,62794.5,-7200,5693,-195.83,0.341
R980,rock,2,69472.5,-7865.8,6719,-35.25,0.594
R981,rock,0,-69500.1,-6316.2,5939.4,62.26,1.589
R982,rock,1,-55527.7,-6868.3,3519.5,-247.19,0.637
R983,rock,1,-52618.1,-6498.8,3006.7,17.18,0.654
R984,rock,2,62827.3,-6812.2,5888.8,-38.36,0.508
R985,rock,0,-69675.8,-5473.6,6089.3,-38.68,0.386
R986,rock,1,-69071.8,-6097.4,5894.1,55.35,0.308
R987,rock,1,62325.1,-5924.3,5449.5,-173.74,1.352
R988,rock,1,-69069.8,-4306.1,6038.8,79.95,1.726
R989,rock,1,-64149.7,-4572.4,4349.7,55.81,0.563
R990,rock,1,23159.2,-4761,1394.9,80.75,0.413
R991,rock,2,44097.8,-4314.5,1746,82.31,0.448
R992,rock,2,59603.3,-4991.2,3424.7,-140.31,0.56
R993,rock,2,-62063.6,-3615.4,4629.3,-208.37,2.446
R994,rock,0,-60195.7,-3471.5,4444,-63.04,0.648
R995,rock,1,-46996.3,-4012.9,1766.4,-195.3,0.663
R996,rock,0,34439.3,-4112.1,1833.7,-25.19,0.271
R997,rock,1,50134.9,-3672.5,1476,35.79,0.256
R998,rock,1,63974.1,-3775.2,5808.3,-32.08,0.293
R999,rock,2,70219.4,-3899.9,6815.8,23.87,0.473
R1000,rock,1,-68533.8,-2899.7,5580.1,-78.39,0.463
R1001,rock,0,-45739.5,-2730.6,1537.4,-105.79,0.602
R1002,rock,2,-37652.1,-2926.7,1631.3,-49.26,0.387
R1003,rock,0,-37588.3,-3077.5,1613.7,74.96,0.542
R1004,rock,1,26872.7,-2530.4,1715.1,-256.05,1.6
R1005,rock,0,62732.8,-2756.7,4808,-81.01,0.598
R1006,rock,1,63799.1,-2824.9,5511.5,29.04,0.589
R1007,rock,0,65557.8,-2516.1,6176.1,-134.12,0.449
R1008,rock,1,-69979.6,-984.8,5993.9,-0.45,1.674
R1009,rock,0,-67460.3,-1297.7,5639.2,-257.87,0.26
R1010,rock,2,-64717.1,-1563.8,5739.2,-26.32,0.301
R1011,rock,0,-54008.4,-809.2,3085.2,-233.31,0.595
R1012,rock,2,52845.6,-1190.5,1424.4,71.66,0.331
R1013,rock,0,65239.2,-1102.4,6056,-120.17,0.681
R1014,rock,2,-69706.4,-469,6098,-267.98,2.313
R1015,rock,2,-57711.7,101.8,4191.4,-205.37,1.336
R1016,rock,1,-30982.2,-509.7,1847.7,-177.62,0.493
R1017,rock,2,67969.1,-410.7,7348.7,-120.82,0.384
R1018,rock,1,-64903.9,332.3,5928.9,39.82,0.676
R1019,rock,2,-56631.1,350.8,3403.1,-119.22,2.41
R1020,rock,2,-36059.6,978.7,1694,-52.65,0.507
R1021,rock,1,-26897,382.7,1689.8,-186.38,0.553
R1022,rock,0,-16546.8,898.5,1575.9,-232.18,0.627
R1023,rock,0,69834.2,297.3,7076.6,-62.48,0.589
R1024,rock,0,-68759.9,1383,6093.6,-24.77,2.762
R1025,rock,2,-37726.4,1942.9,1559.8,-54.77,0.327
R1026,rock,1,34535.7,1433,1853.7,-210.51,0.34
R1027,rock,1,57324.7,1322.7,2169.3,-87.35,0.687
R1028,rock,2,-62239.7,2828.9,5994,-74.87,0.294
R1029,rock,2,-61435.4,2327.2,5836.7,-106.72,0.697
R1030,rock,1,-60665.6,2507,5418.4,53.5,0.633
R1031,rock,2,29672.3,2251.7,1722.4,-128.44,0.45
R1032,rock,2,48555.8,2756.5,1379.9,79.03,0.651
R1033,rock,2,60568.8,2019.7,3969.1,-55.36,0.589
R1034,rock,0,65757.7,2708.6,6431.8,-134.29,2.766
R1035,rock,1,67668.4,2730.5,6391.5,-70,0.628
R1036,rock,1,-66425.3,3278,5514.6,-18.23,0.272
R1037,rock,1,-62090.7,3589.6,5628.4,40.27,0.552
R1038,rock,0,-57191.8,3335.4,2764.1,37.39,0.543
R1039,rock,2,-39779.6,3556.1,1518.4,-137.46,0.433
R1040,rock,1,15890,3237.3,1451,64.16,0.437
R1041,rock,1,25352,3677,1552.7,54.1,0.618
R1042,rock,1,59092.3,3542.6,3594.5,24.85,0.514
R1043,rock,1,65486.4,3516.2,5891.9,14.84,1.854
R1044,rock,2,-66382.9,4562.7,5603.4,-136.13,0.545
R1045,rock,0,-21972.2,3865.3,1441.2,-170.83,0.408
R1046,rock,0,50271,4518.4,1415.2,-126.87,0.348
R1047,rock,1,-54635.8,4952.7,1842.1,84.05,0.607
R1048,rock,0,-49382.8,4967,1534.1,-138.61,0.615
R1049,rock,2,59409.3,5202.2,3201.2,-192.79,0.366
R1050,rock,2,66957,4989.9,5706.8,-227.25,1.581
R1051,rock,1,67786.9,5385,6278,-103.11,0.493
R1052,rock,2,69620.1,4898.4,7086.6,-142.86,0.489
R1053,rock,0,-66771,6032,5752.9,-17.6,1.931
R1054,rock,1,-63265.9,7123.4,4986.5,86.39,1.919
R1055,rock,0,-49588.1,7272.9,1431.9,5.86,0.281
R1056,rock,1,43434.6,7328,1717.5,-167.92,0.682
R1057,rock,0,56383.8,6870.7,1746,-140.58,2.516
R1058,rock,1,63152.8,7233.5,4592.3,88.64,1.729
R1059,rock,1,-69621.4,7805.2,6370.5,-132.83,0.397
R1060,rock,2,-61836.1,8190.2,4278.9,-10.58,1.973
R1061,rock,1,58109.1,7739.2,2704.3,-146.53,0.356
R1062,rock,2,60832.9,7460,3537.6,-102.24,0.535
R1063,rock,0,-65621,9003.7,6350.2,-128.73,0.63
R1064,rock,0,-65029,9040.5,5844.2,-26.38,0.295
R1065,rock,1,55833.5,8506.8,2121.1,57.14,0.567
R1066,rock,0,69965.3,8736.3,6462,33.65,2.578
R1067,rock,1,-50709,9999,1335.7,-231.79,0.629
R1068,rock,0,-31057,10003.9,1826.5,-1.98,0.417
R1069,rock,1,-21766,9360.7,1453.6,-2.56,0.281
R1070,rock,1,66672.9,10081.9,4626,-186.59,0.329
R1071,rock,0,-33743.5,10545.2,1702.6,-139.36,0.633
R1072,rock,1,62000.5,10603.3,4322.5,-118.53,0.448
R1073,rock,2,-66421.9,11385.6,6788.5,-15.27,0.315
R1074,rock,0,-62512.6,11393.7,4655.5,-80.3,2.854
R1075,rock,0,-23700.9,11010.9,1570.2,-35.91,0.491
R1076,rock,1,69249.2,11007.3,5079.7,-205.63,1.697
R1077,rock,0,62467.7,12143.8,4489.5,-130.85,0.394
R1078,rock,2,-35709.1,12924.1,1668.6,-205.11,0.479
R1079,rock,1,-30555.7,13104.6,1645.4,-145.09,1.338
R1080,rock,1,-24028.6,13387.7,1371,-127.97,0.316
R1081,rock,2,50970,13378.7,1649.6,-97.46,0.691
R1082,rock,2,-69224,14582.6,6231.2,39.31,0.251
R1083,rock,2,-68435.1,14300.1,6194.9,42.69,0.35
R1084,rock,1,-65963.7,14380.4,5615.7,-94.51,0.381
R1085,rock,2,-63161.3,14372.6,5473.9,-67.82,2.718
R1086,rock,0,54287.9,14485.8,1938,-245.69,0.416
R1087,rock,1,69709.6,13911.6,5192,-63.97,0.283
R1088,rock,2,-67165.8,15270.7,5801.3,-116.79,0.452
R1089,rock,2,-62763.7,14745.5,5307.5,-93.64,1.817
R1090,rock,1,58845.6,15167.5,3910.3,48.76,0.615
R1091,rock,1,-68263.6,15661.9,5885.4,20.31,0.644
R1092,rock,2,-67732,16271.1,5670.4,-233.67,0.334
R1093,rock,2,-66866.9,15630.1,5703.5,-63.46,0.338
R1094,rock,2,-59824.7,15859.8,4155.8,88.75,2.989
R1095,rock,1,44471.8,16049.9,1422.3,-230.82,1.98
R1096,rock,2,57890.3,16062.8,2990.3,63.42,2.617
R1097,rock,0,61369.3,16129.9,3739.6,-106.77,0.609
R1098,rock,0,64769.7,16065.8,3957.2,-163.68,0.671
R1099,rock,0,-46678.1,17120.4,1309.1,-89.82,0.654
R1100,rock,2,-6423.9,16754.1,1424,-263.34,0.259
R1101,rock,0,55659,16937.9,1964.7,-192.21,0.625
R1102,rock,1,57833.4,16889.1,2513.3,9.26,0.38
R1103,rock,1,-56653.9,17722.9,3772,68.29,0.293
R1104,rock,2,-46697.8,17827.4,1294.1,65.87,1.679
R1105,rock,1,-33307.6,17318.4,1434.3,-171.89,0.344
R1106,rock,1,-12298.8,17447.5,1312.2,-100.18,0.359
R1107,rock,1,41906.6,17989.4,1361,-261.76,0.342
R1108,rock,0,64686.2,17751.6,3630.5,38.78,1.748
R1109,rock,1,-26252.2,18467.5,1307.1,-54.67,0.357
R1110,rock,0,49667.6,18661.6,1165.7,-21.11,0.349
R1111,rock,0,66120,18433.9,3704.8,-29.36,2.994
R1112,rock,1,69841,18950.3,6093,-200.04,0.583
R1113,rock,2,-66488.9,19552.5,4681,51,0.667
R1114,rock,0,-57799.7,19192.6,3737,-190.23,0.559
R1115,rock,1,69676.8,19816.4,6102,-148.78,0.342
R1116,rock,1,-66593.9,20379.1,4411.3,-32.33,0.491
R1117,rock,1,-65787.7,20553.7,4557.1,66.74,0.28
R1118,rock,2,-60760.5,20460.6,3977.2,-217.46,0.325
R1119,rock,2,-59511,20594.8,3822,-172.88,0.333
R1120,rock,1,-56673.5,20431.5,3547.6,-180.68,0.631
R1121,rock,2,55886.5,20204,2161.5,-12.5,2.239
R1122,rock,0,68210.2,20340.6,4631.8,-206.57,0.263
R1123,rock,1,61167.6,21278.1,3512.6,19.73,0.334
R1124,rock,2,67970,21085.7,4718.4,-57.3,1.41
R1125,rock,1,70152.6,21673.9,5408.4,89.84,0.337
R1126,rock,0,-49593.4,21952.1,1489.5,55.97,0.294
R1127,rock,0,21568.8,22254.8,1299.1,-219.4,0.508
R1128,rock,1,65829.6,22694.1,4517.9,-85.34,0.542
R1129,rock,2,69209.2,21800.6,5095.5,-180.16,0.443
R1130,rock,1,-68366,22734.5,4924.3,41.81,0.281
R1131,rock,1,-67029.5,22803.4,5126.4,-263.74,0.676
R1132,rock,0,-21874.9,23086.6,1116.3,-91.12,1.409
R1133,rock,1,47779.8,24257.1,1422.3,-217.33,0.674
R1134,rock,1,-65141.3,25391.8,4396.8,-172.81,2.96
R1135,rock,2,-54562.5,24561.1,2306.1,-71.52,0.479
R1136,rock,1,48660.8,24816.2,1362.4,-257.68,1.267
R1137,rock,2,58659.2,24627.4,2904.9,-135.52,0.506
R1138,rock,1,61699.3,24571.2,3460.5,-159.78,0.428
R1139,rock,1,-40793.1,25795.6,1077.8,-138.33,0.604
R1140,rock,0,-10315.5,25739.3,1188.9,-213.15,0.693
R1141,rock,0,7777.6,25664.3,1498.5,-169.51,2.871
R1142,rock,2,-66287.5,26777.3,4607.3,52.04,1.165
R1143,rock,0,64086.2,26947.3,4257.9,-224.4,1.072
R1144,rock,0,64986.3,27198,4577,-72.39,0.517
R1145,rock,0,-66283.2,28077.2,5436.5,34.45,0.566
R1146,rock,0,-20205.7,27919.4,1044.9,-182.19,0.565
R1147,rock,2,-11624,27533,1198.1,-168.01,0.675
R1148,rock,0,9621.9,27658.9,1332.3,-66.28,0.492
R1149,rock,2,59589.8,27345.9,2199,-102.53,1.989
R1150,rock,2,59874.4,27829,2502,3.48,0.592
R1151,rock,2,70044.2,27682.1,4708.3,72.88,3.146
R1152,rock,0,-69345.9,28137.7,5682.6,-60.99,1.946
R1153,rock,0,-67958.9,28899.5,5555.1,45.9,0.547
R1154,rock,1,-65873.8,28796.2,5831.1,-52.52,1.158
R1155,rock,2,-5953,28197.9,1286.1,42.62,0.622
R1156,rock,0,-66550.7,29392,6040.6,20.56,0.591
R1157,rock,0,-66223.5,29164.7,6001.8,-173.49,0.284
R1158,rock,0,-50880.3,30051.6,2191.9,-147.43,1.273
R1159,rock,1,-21914.3,30281.2,1052.1,-1.38,2.9
R1160,rock,2,44712.1,30657.7,1699.5,-6.04,0.312
R1161,rock,1,67810.4,30070.8,5051,-185.92,0.503
R1162,rock,2,-67115.4,31622.7,6726.8,-151.03,0.511
R1163,rock,1,-63071.1,31060.4,5243.9,46.6,0.262
R1164,rock,1,-58621,31518.2,4478.7,-246.81,0.29
R1165,rock,1,-52344.6,31391.7,2750.3,-258.09,0.591
R1166,rock,2,-40154.5,31487.6,1073.4,-146.59,0.607
R1167,rock,2,61033,31221.2,3448.3,84.26,0.321
R1168,rock,1,-49413,32334.2,1823.5,-184.87,0.475
R1169,rock,2,-6462.4,31705.3,1367.5,-228.65,0.394
R1170,rock,2,-65773.1,33089.7,6750.5,-11.26,0.623
R1171,rock,1,-39663,32843.8,1043.7,-233.54,0.637
R1172,rock,2,-65131.8,34010.8,6163.6,-180.19,2.963
R1173,rock,0,-54419.9,33961,2438.8,-31.64,2.914
R1174,rock,1,39072.4,34386.1,1814.6,83.7,0.698
R1175,rock,1,69881.7,34398.4,5493.3,41.34,1.252
R1176,rock,1,-42495.2,34494.2,1025.5,-234.02,3.191
R1177,rock,2,-21796.4,34735.8,1060.7,-221.59,0.7
R1178,rock,2,42495.9,35173.5,1846.7,-102.56,0.33
R1179,rock,2,56343.8,35137.9,2299.3,2.77,0.36
R1180,rock,0,61709.1,34658.1,4007.6,67.58,0.319
R1181,rock,0,-62788.2,35947.6,4806.4,-62.4,0.418
R1182,rock,1,17133,35514.1,1061,-122.78,0.697
R1183,rock,1,68372.2,36094.3,5832.6,84.26,0.293
R1184,rock,0,69081.4,35510.3,5723.5,-198.5,1.994
R1185,rock,2,-51316.3,36929.8,1529,-104.93,1.323
R1186,rock,1,-16004.7,36304.7,1000.5,3.64,0.665
R1187,rock,1,-8348,36515.6,1323.6,82.14,3.058
R1188,rock,0,62077.8,36393.9,4495.8,-183.62,2.895
R1189,rock,2,-66551.6,37319.9,7075.1,-225.44,0.441
R1190,rock,1,-65162.9,37957.3,5653.7,-163.91,2.557
R1191,rock,0,-56401.4,37738.9,2909.4,76.2,0.504
R1192,rock,1,58291.4,37935.9,3359.1,-242.06,0.525
R1193,rock,1,69637.3,37890,6162.7,-247.64,0.334
R1194,rock,2,-67656,38324.3,7017.5,-42.99,3.146
R1195,rock,2,-57394,38694.4,3621.5,67.98,0.537
R1196,rock,2,-10447.5,38294.3,1279.6,-40.51,0.269
R1197,rock,1,3337.5,38494.5,1438.9,75.37,0.315
R1198,rock,1,46268.7,38713.4,1597,-151.11,0.49
R1199,rock,2,-67305.4,39171.8,6938.8,-66.53,3.069
R1200,rock,0,-65676,38975.8,6008.1,63.69,2.199
R1201,rock,1,-65267.3,39245.3,5584.6,-105.99,1.505
R1202,rock,1,3583.9,39172.4,1449,-68.2,2.634
R1203,rock,2,11391.8,38912.5,1308.6,-115.45,0.435
R1204,rock,1,60849.1,39034.5,4712.2,-167.36,2.715
R1205,rock,1,15805.6,40157.8,1159.8,6.18,0.575
R1206,rock,1,31852.1,40677,1644.9,-180.28,1.733
R1207,rock,1,68442.1,40556.4,6182.9,57.65,0.402
R1208,rock,2,-66654.6,41401.8,6708.3,-227.48,0.641
R1209,rock,1,-57485.8,41447.2,3964,-219.78,0.586
R1210,rock,1,-56182.2,40741.9,3308.5,-9.93,0.28
R1211,rock,1,-54110.6,41575.1,2621.1,29.12,2.484
R1212,rock,2,32224.2,41247.4,1656.5,-204.96,0.372
R1213,rock,0,63948.8,40751.4,4742.7,-176.72,0.565
R1214,rock,0,-67122.6,41623.7,7117.5,-106.85,2.435
R1215,rock,0,-66388.7,42124.5,6225,-192.64,0.415
R1216,rock,0,-26630.7,41734.2,1113.6,70.35,2.777
R1217,rock,0,52082.6,41984.1,1551.3,-218.36,1.648
R1218,rock,2,61364.1,41934.3,3722.8,-252.51,3.055
R1219,rock,1,62337.8,42042.1,4423.1,-165.68,0.567
R1220,rock,0,-66054.6,43230.1,6048.9,-256.88,0.339
R1221,rock,1,-64690.9,43268,5867.4,-156.45,0.426
R1222,rock,0,-51534.1,43355.8,1929.4,59.94,0.506
R1223,rock,1,14931,42568.8,1317.1,-251.08,0.438
R1224,rock,2,54526.7,43325.7,1658.8,-99.48,2.155
R1225,rock,0,69239,42770.3,6205.2,-130.45,0.694
R1226,rock,0,-69789.7,43460.3,6473.8,-23.16,0.409
R1227,rock,1,-66615.3,44073,6035.8,48.82,2.887
R1228,rock,1,4165.8,44086.9,1721.3,65.15,0.648
R1229,rock,0,67056.5,43525,5518,43.05,3.123
R1230,rock,2,-63475.4,45068,5948.3,-53.82,0.51
R1231,rock,1,-62070.7,45132.8,5644.5,-185.76,1.875
R1232,rock,1,-61762.7,44493.4,5441,-246.37,1.47
R1233,rock,1,-58523.4,44468.2,4747.8,-63.74,2.403
R1234,rock,2,68094.5,44445.1,5570,-121.76,1.71
R1235,rock,0,-60211.8,46045.7,5534.1,38.9,2.764
R1236,rock,0,-56258.4,45893.4,3810.2,-178.02,1.695
R1237,rock,1,60435.7,45473.6,3467.6,-28.51,0.267
R1238,rock,0,65118.6,45425.5,5241.2,-159.37,1.284
R1239,rock,2,69747.7,45252.2,5501.8,-60.38,1.517
R1240,rock,1,-66550.5,46444.6,6572.1,-170.04,0.605
R1241,rock,0,-65733.4,46415.7,6217.3,-161.04,0.684
R1242,rock,0,-61972,46155.3,6143.4,-62.83,1.482
R1243,rock,1,-60582.1,46803.9,5823.4,-164.9,0.613
R1244,rock,1,5805.4,46915.3,1705.7,0.24,0.389
R1245,rock,0,31319.7,46520.7,1917.5,63.41,0.581
R1246,rock,0,38834.2,46661,1893.6,-193.91,0.582
R1247,rock,2,-64654,47692.6,6266.3,-0.28,0.452
R1248,rock,2,-61101,47411.1,6053.9,-147.8,2.215
R1249,rock,2,58197.1,47403.4,2602.3,-231.06,0.531
R1250,rock,1,66232.5,47449.2,5036.3,29.33,1.356
R1251,rock,1,-67155.9,48148.4,5982.6,-269.55,0.568
R1252,rock,1,-66172.9,48045.4,6119.9,-116.08,0.488
R1253,rock,2,-64710.4,48776.2,6162,-40.07,1.537
R1254,rock,1,-48893.6,48145.2,1730.7,-135.47,0.494
R1255,rock,1,12199.7,48747.2,1825.6,-229.78,0.384
R1256,rock,2,56840.8,48377,2640.2,74.87,0.546
R1257,rock,1,-62285,49127.5,6404.3,89.72,0.678
R1258,rock,1,-44643.8,49172.6,1181.7,-262.57,0.404
R1259,rock,1,53144.7,49432.6,1638,-116.5,2.186
R1260,rock,0,-62414.4,50218.4,6284.7,-31.04,0.556
R1261,rock,0,-61547.1,49888.1,5942.5,-163.36,1.489
R1262,rock,0,-58329.2,50323.9,3742.3,86.89,0.36
R1263,rock,0,-48948.6,50573.9,1290.7,1.09,0.584
R1264,rock,1,59780.5,49743.8,3832.4,-147.15,0.656
R1265,rock,2,-59963.7,50955.4,4268.4,-59.93,0.259
R1266,rock,1,-37344.7,51369.7,1390.5,-55.58,0.623
R1267,rock,0,-23855.9,51194.9,1438.4,-79.66,1.796
R1268,rock,2,64201.5,51282.7,4783.4,-206.1,0.689
R1269,rock,2,-67907.8,52003.2,5982.5,-249.84,0.302
R1270,rock,0,-63893.5,52167.7,7016.9,-2.14,0.655
R1271,rock,2,-32681.8,52121.5,1434.7,-201.79,0.683
R1272,rock,0,-15196.9,51816.5,1383.4,52.08,0.42
R1273,rock,0,-5821.8,52296.7,1803.4,-73.97,0.359
R1274,rock,0,20017.1,52228.1,1618,-256.28,2.349
R1275,rock,2,-63837.5,53194.2,6211.4,-138.36,0.284
R1276,rock,0,-61996.4,53272.7,5648.1,-81.22,2.46
R1277,rock,0,-44818.3,53104.8,1516.3,42.74,1.69
R1278,rock,0,-31253.8,52603.6,1382.9,-159.73,0.652
R1279,rock,1,67547.5,52749,5924.2,-31.25,0.531
R1280,rock,0,69990.7,52433.3,6069.2,-217.3,0.347
R1281,rock,2,-68089.7,54168.1,6103.5,-216.16,0.552
R1282,rock,1,-61311.1,53313.1,5000.9,-144.69,0.599
R1283,rock,2,22204.8,53486.1,1969.5,43.24,0.634
R1284,rock,1,24675.1,53798.7,1841,-208.09,3.043
R1285,rock,1,43802.5,53458.1,1491.5,7.72,0.692
R1286,rock,0,66166.9,53632.4,5303.2,-78.4,2.013
R1287,rock,1,-65808.5,54924.3,6248.5,-95.02,0.607
R1288,rock,1,-60658,54682.1,4365.4,23.58,0.408
R1289,rock,1,-19588,55063.8,1462.6,-183.78,0.295
R1290,rock,1,31566.8,54390.1,1977.3,-184.63,1.199
R1291,rock,0,58809.5,54567.6,3802.7,-99.79,3.167
R1292,rock,1,65649.6,54855.9,5342.3,-20.26,0.382
R1293,rock,1,66822.8,54614.2,5914.9,-37.3,1.247
R1294,rock,0,69126.4,54950.3,6032.3,-109.34,0.358
R1295,rock,1,69779.5,54267.2,5995.8,-257.97,0.466
R1296,rock,0,-67393.9,55559,6094.2,-101.73,0.364
R1297,rock,0,-62097.8,55245.4,4781.8,-22.25,0.62
R1298,rock,1,-55831.9,55760.4,2787.9,85.35,0.521
R1299,rock,0,-51115.1,55207.1,1918,-267.81,0.612
R1300,rock,2,-14488.1,55591.5,1788.2,-1.26,0.682
R1301,rock,1,-10649.2,55102,2049.6,47.56,0.423
R1302,rock,2,-9227,55631.2,2164.4,-162.27,0.331
R1303,rock,1,1294.2,55378.1,2308.4,-166.29,0.303
R1304,rock,2,4735.5,55422.5,2741.1,-162.12,0.589
R1305,rock,0,58512.1,55150.8,3317.8,-11.95,0.375
R1306,rock,0,61096.6,55576.7,4543.5,20.15,0.554
R1307,rock,0,-65956.2,56565.3,6546.8,-150.18,0.581
R1308,rock,2,-64576.4,56230.1,6222.4,-201.83,2.842
R1309,rock,2,14560,56835.8,2373.8,-201.64,0.378
R1310,rock,1,29827.3,56478.5,2821.3,64.63,0.51
R1311,rock,0,59842.3,56339.6,3886.7,-180.93,1.909
R1312,rock,1,-13249.9,56934.8,2170.1,-145.17,0.505
R1313,rock,0,-12006.3,57107.3,2364.3,-90.94,1.039
R1314,rock,0,-2558.3,57168.9,3049.7,52.28,1.792
R1315,rock,2,10760,57535.4,2500.8,-185.71,0.408
R1316,rock,2,61044.8,56993.9,4147,19.83,0.511
R1317,rock,0,-63232.5,58439.3,5797.2,-30.52,1.232
R1318,rock,1,-61370.9,58155.2,4674,-159.27,0.265
R1319,rock,0,-41621.9,58000.4,2620.7,-67.67,1.191
R1320,rock,2,-39831.6,58334.3,2552.9,79.16,2.97
R1321,rock,0,-21606.1,58639.9,2018.4,-73.42,0.55
R1322,rock,1,2022.2,58383.2,3588.3,-9.57,0.383
R1323,rock,0,3914.9,57832.7,3352.2,-116.92,0.381
R1324,rock,2,10511.2,58272.6,2852.5,-34.11,2.371
R1325,rock,0,17297.1,58043.7,2449,-164.57,0.409
R1326,rock,1,30800.9,58297.1,2953.3,-76.99,0.541
R1327,rock,0,34142.8,58069.1,2135.1,-173.2,1.377
R1328,rock,1,-68717.2,59132.5,6524.7,-93.69,2.559
R1329,rock,0,-63210.8,59018,6069.6,-145.3,0.311
R1330,rock,2,-61417.8,59529,5299.3,-88.51,0.455
R1331,rock,1,-44039.9,58947.1,2927.2,-207.67,1.02
R1332,rock,1,-13278.8,58788.2,2755,-22.68,0.288
R1333,rock,1,58024.8,58818.5,2878.9,65.26,0.436
R1334,rock,0,59203.7,59394.1,3648.3,-206.36,2.505
R1335,rock,0,-65097.9,60373.3,5909,-189.13,0.391
R1336,rock,1,-64121.1,59665.3,6146,75.49,0.41
R1337,rock,0,-63207.1,60334.6,5462.5,-179.86,0.336
R1338,rock,2,-37604.7,59733.1,3054.3,88.69,2.014
R1339,rock,1,-25442.4,59752.8,2424,-5.02,0.665
R1340,rock,0,9095.2,59945.2,3903.4,-97.46,0.425
R1341,rock,2,12835.7,59979,3518.5,-255.95,0.347
R1342,rock,2,59239.3,60490.4,2848.3,-54.78,0.376
R1343,rock,2,-49824.8,61266.3,3524,-122.41,0.694
R1344,rock,1,-45281.2,60675.7,3723.9,-261.91,0.362
R1345,rock,0,-32001.7,60761.4,2871.9,-179,0.578
R1346,rock,2,26484.6,61364.2,3385,-161.89,1.109
R1347,rock,1,57815.2,60827.8,2531,-111.21,0.516
R1348,rock,1,66646.2,61074.3,5155.5,-34.05,0.678
R1349,rock,2,69447.2,61293.6,6309.3,-26.6,0.511
R1350,rock,2,-69049.6,61918.2,5866.1,-173.13,2.109
R1351,rock,2,-58880.9,61910.8,3921.8,-102.47,0.353
R1352,rock,2,-4002.5,61789,3473.7,-156.97,0.41
R1353,rock,0,15875.8,61775.7,3540.6,-57.95,0.373
R1354,rock,0,43485.1,61733.5,2481.4,-60.29,0.295
R1355,rock,0,48750,61816.7,3182.1,-114.67,0.495
R1356,rock,1,50984.9,61514.4,2386.9,-156.95,2.913
R1357,rock,1,54666.9,62161.3,2801.1,-169.5,0.568
R1358,rock,0,66480.7,61678.8,5263.6,-69.88,0.572
R1359,rock,2,67642.1,61681.3,5906.3,-81.51,1.989
R1360,rock,2,-26109.5,63016.6,3540.3,-261.83,1.16
R1361,rock,2,-16610.7,62375.8,3764.4,-67.78,2.64
R1362,rock,2,2059.4,62931.9,4878.2,17.44,0.378
R1363,rock,2,4232,62941.2,4270.4,35.9,0.557
R1364,rock,2,28036.6,62983.7,4004.6,-258.63,0.681
R1365,rock,1,31175.8,62588.1,2604.9,-79.66,2.779
R1366,rock,0,35558.5,62833.3,3110.8,-100.48,1.689
R1367,rock,2,40888.1,63116.2,3653.9,32.97,0.537
R1368,rock,0,60839.9,62720.9,3598.1,38.48,2.861
R1369,rock,2,67891.3,63050.5,6387.2,-132.34,0.565
R1370,rock,1,68698.8,63056.3,6868.6,-178.8,2.789
R1371,rock,0,-68152.5,63423.9,5903.5,-212.81,1.007
R1372,rock,1,-63206.5,63833.2,5176.7,74.69,1.1
R1373,rock,1,-27495.4,63678.8,3433.9,-198.19,2.294
R1374,rock,2,10375.4,63654.1,4682.9,-36.45,0.654
R1375,rock,2,-47781.7,64200.2,4104.9,75.87,0.334
R1376,rock,1,-47311,64671.8,4259.2,-212.83,0.321
R1377,rock,2,-35844.1,64537.6,4924.7,36.77,0.411
R1378,rock,0,-31893.5,64969.4,4394.1,-218.93,0.417
R1379,rock,1,-17649.1,64752.9,4541.5,-75.21,0.551
R1380,rock,0,-2204.1,64693.7,5389.6,19.32,0.383
R1381,rock,2,5058.6,64575,4584.3,-25.95,0.49
R1382,rock,0,37167.7,64913.6,3692.4,-43.27,0.488
R1383,rock,0,59574.3,64458.5,3930,-79.27,0.545
R1384,rock,0,64946.2,64109.6,5668.1,-240.59,0.66
R1385,rock,2,69588.5,64621.5,7221.4,-38.93,0.518
R1386,rock,2,-69841.7,65724.8,5521,-110.41,0.497
R1387,rock,0,-39084.4,65427.7,4688.6,34.83,0.319
R1388,rock,1,-33048.2,65089.2,4567.2,-177.67,0.347
R1389,rock,2,-5822.7,65738.3,5466.6,0.32,3.165
R1390,rock,2,2281.8,65002.6,5205.7,-62.41,2.377
R1391,rock,2,21299.9,65470.4,4525.8,-262.96,2.609
R1392,rock,1,50249.2,65880,4231,-153.02,3.075
R1393,rock,1,70133.8,65526.1,6704.3,-180.16,0.64
R1394,rock,1,-69395.2,66340.7,5629.7,-241.46,3.019
R1395,rock,2,-41439.2,66339.3,5643,-21.83,0.59
R1396,rock,2,-38480.4,66409.9,5223.6,-22.59,0.64
R1397,rock,0,-30953.4,66033.7,4891.6,-182.08,2.662
R1398,rock,1,-20883.2,66750.3,3636.2,-254.78,1.681
R1399,rock,0,-17184.5,66752.6,5431.1,-83.4,0.633
R1400,rock,1,-10443.9,66358.8,5113.9,38.71,0.31
R1401,rock,2,28481.3,66794.9,5049.3,-98.48,0.399
R1402,rock,0,31207.7,65914.1,3487.9,-166.83,2.024
R1403,rock,0,54257.3,66437.5,3840.5,14.6,0.658
R1404,rock,0,66178.9,66442.2,6616.4,-264.95,0.464
R1405,rock,1,68856.7,66701.7,6443.2,44.67,0.524
R1406,rock,0,69551.6,66781.5,6394.9,-208.08,0.53
R1407,rock,2,-69318.6,67473.5,5822.6,-198.06,0.382
R1408,rock,2,-68379.8,66990.4,6046,-175.65,0.693
R1409,rock,2,-43969.5,67621,5567.8,-96.39,0.553
R1410,rock,2,-17837.6,67553.1,5093.3,-156.69,0.674
R1411,rock,2,-17322.7,67347.7,5437.6,-86.43,3.102
R1412,rock,1,-16216.1,67686.6,6137.5,-48.33,0.686
R1413,rock,1,-14329.6,67398.4,5848.8,-75.38,0.348
R1414,rock,0,18676.1,67233.8,4483.5,56.63,0.449
R1415,rock,2,40550.4,67472.6,4134.5,-121.24,0.465
R1416,rock,0,52776.3,67628,4603.5,-205.69,0.651
R1417,rock,0,61172.5,67247.8,4482.6,-141.47,0.455
R1418,rock,1,-69132.1,68534.3,5967.4,-11.27,0.258
R1419,rock,0,-45318.5,68357.2,5818.2,-132.53,0.618
R1420,rock,1,-44500.4,67710.6,5714,-73.01,0.429
R1421,rock,1,-42709.6,67859.5,5613.1,-190.58,0.363
R1422,rock,2,-20749.1,67946.8,4390.8,87.23,0.349
R1423,rock,0,-17794.2,68025.6,5364.4,-36.88,0.348
R1424,rock,0,8111.2,68026.1,5790.1,-155.98,0.641
R1425,rock,2,13496.5,68496.5,5597.5,-58.52,0.252
R1426,rock,0,16622.2,68459.4,5547.6,-210.17,0.658
R1427,rock,0,34954.6,67734.5,4003.3,-4.58,2.393
R1428,rock,0,41013.7,67859.2,4144.2,-98.91,0.623
R1429,rock,1,42371.7,68046,4333.2,-87.58,0.675
R1430,rock,0,63215.7,68274.7,5544.2,45.55,0.621
R1431,rock,0,64734.3,67933,6000.1,-235.42,2.912
R1432,rock,2,65883.2,68233.6,6034.9,-169.84,0.491
R1433,rock,0,-55558.1,68773.5,4908,-234.59,0.397
R1434,rock,0,-46543.7,68687.6,6062.6,45.71,2.848
R1435,rock,1,-38251.1,69064.5,5055.5,-247.23,1.192
R1436,rock,2,-9170.1,68861.9,5546.2,-49,0.368
R1437,rock,0,-5929.2,69082.4,5025.3,-51.98,0.631
R1438,rock,1,38229,68786.2,4844,-221.12,0.566
R1439,rock,1,52124.6,68751.8,4381,-2.02,0.582
R1440,rock,0,67047.5,68792.2,5509.7,-213.77,0.459
R1441,rock,2,70027.8,68641,5797.2,25.4,0.558
R1442,rock,2,-69276.5,69949.1,6171.2,-66.91,0.325
R1443,rock,2,-68952.6,70125.6,5868.1,14.02,2.34
R1444,rock,2,-17104.6,69996.5,5744,-227.7,0.486
R1445,rock,1,-12686.1,70155.4,6400,-189,0.633
R1446,rock,2,8983.2,70060.2,5972.2,-245.06,0.412
R1447,rock,1,16962.3,69537.2,5534.5,-31.45,0.651
R1448,rock,0,35891.3,70395.5,4476.9,-227.61,0.251
R1449,rock,2,40049.3,70380.2,5414.8,-258.52,0.625
R1450,rock,1,41013,69908.4,5050.5,67.57,0.253
R1451,rock,0,51983.8,69980.2,4806.3,-195.62,1.739
R1452,rock,1,55360.5,69713.4,5198.1,-71.37,2.235
R1453,rock,0,63302.9,70394.7,5265.1,-268.65,0.579
R1454,food,plate_dark,-4438.4,-4550,1492.3,90,1.1
R1455,food,plate_dark,-4361.6,-4550,1492.3,90,1.1
R1456,food,plate_dark,-3638.4,-4550,1469.8,90,1.1
R1457,food,plate_dark,-3561.6,-4550,1469.8,90,1.1
R1458,food,meat,-4438.4,-4550,1494.3,-159.78,0.9
R1459,food,meat,-3638.4,-4550,1471.8,2.04,0.9
R1460,food,meat,6935,1330,1510.3,-217.36,1
R1461,food,meat,6799.2,1290,1610.9,-89.02,1
R1462,food,meat,-4361.6,-4550,1494.3,49.92,0.9
R1463,food,meat,6795,1330,1510.3,-240.37,1
R1464,food,bread,-4400,-4566,1492.3,-189.85,1
R1465,food,bread,4386.4,-260.3,1434,-39.27,1.008
R1466,food,bread,4492.8,-246.7,1432.2,-197.15,0.9
R1467,food,bread,4485.4,-257.6,1439.4,35.95,1.036
R1468,food,bread,4617.3,-251.3,1437.6,-145.29,1.058
R1469,food,bread,5160.1,-250.2,1427.4,-20.72,1.093
R1470,food,bread,5278,-255,1425.6,25.26,1.003
R1471,food,bread,5295.9,-249.9,1432.8,-113.11,0.901
R1472,food,bread,5417.6,-251.7,1431,-113.86,1.04
R1473,food,grapes,-4400,-4534,1492.3,-265.65,1
R1474,food,grapes,3002.3,1321,1505.9,-281.39,1.078
R1475,food,grapes,3001.7,1326.2,1511.9,-216.7,1.093
R1476,food,grapes,2799.8,1335.9,1508.9,-105.9,0.931
R1477,food,grapes,3796.1,1338.5,1487,-110.8,0.984
R1478,food,grapes,3810.5,1322.3,1493,-447.27,1.048
R1479,food,grapes,3601.4,1324.3,1490,-419.33,1.097
R1480,food,bowl,-4457.6,-4577.2,1492.3,-115.78,0.8
R1481,food,bowl,-4342.4,-4577.2,1492.3,33.33,0.8
R1482,food,bowl,-4457.6,-4522.8,1492.3,61.89,0.8
R1483,food,bowl,-4342.4,-4522.8,1492.3,3.28,0.8
R1484,food,bowl,-3657.6,-4577.2,1469.8,-177.53,0.8
R1485,food,bowl,-3542.4,-4577.2,1469.8,74.78,0.8
R1486,food,bowl,-3657.6,-4522.8,1469.8,-19.72,0.8
R1487,food,bowl,-3542.4,-4522.8,1469.8,-97.33,0.8
R1488,props,cup,-4441.6,-4577.2,1492.3,-94.04,1
R1489,props,cup,-4358.4,-4577.2,1492.3,63.07,1
R1490,props,cup,-4441.6,-4522.8,1492.3,-159.47,1
R1491,props,cup,-4358.4,-4522.8,1492.3,82.09,1
R1492,props,cup,-3641.6,-4577.2,1469.8,-97.9,1
R1493,props,cup,-3558.4,-4577.2,1469.8,-100.46,1
R1494,props,cup,-3641.6,-4522.8,1469.8,-124.23,1
R1495,props,cup,-3558.4,-4522.8,1469.8,49.12,1
R1496,food,knife,-4387.2,-4521.2,1492.3,15.52,1
R1497,food,knife,-3587.2,-4521.2,1469.8,15.52,1
R1498,food,knife,6065,1358,1493.3,-107.19,1
R1499,food,knife,6865,1358,1511.3,-107.19,1
R1500,food,joint,-3561.6,-4550,1471.8,-232.95,0.9
R1501,food,joint,4532.9,-329.8,1487.3,45.81,1
R1502,food,joint,6065,1330,1492.3,-171.99,1
R1503,food,joint,5339.7,-327.4,1480.7,-75.07,1
R1504,food,joint,6865,1330,1510.3,-233.14,1
R1505,food,bread,-3600,-4566,1469.8,32.79,1
R1506,food,bread,4366.8,-275.2,1432.2,-232.97,1.052
R1507,food,bread,4361.3,-250.8,1439.4,-229.84,0.964
R1508,food,bread,4491.3,-255.4,1437.6,-259.39,1.061
R1509,food,bread,4608.1,-259.2,1435.8,14.69,1.072
R1510,food,bread,5166.8,-268.1,1425.6,-230.52,1.086
R1511,food,bread,5164.5,-251.4,1432.8,-206.87,1.047
R1512,food,bread,5305.5,-248.1,1431,-117.97,0.998
R1513,food,bread,5413.9,-258,1429.2,-75.28,0.925
R1514,food,grapes,-3600,-4534,1469.8,-250.8,1
R1515,food,grapes,2995.3,1329.2,1508.9,-172.57,1
R1516,food,grapes,2788.7,1328.1,1505.9,-411.07,0.951
R1517,food,grapes,2794.1,1339.5,1511.9,-271.72,0.992
R1518,food,grapes,3813.2,1329.7,1490,-382.39,1.068
R1519,food,grapes,3599.6,1321,1487,-395.7,1.056
R1520,food,grapes,3594.3,1335,1493,-304.33,0.95
R1521,food,apple,2799.2,-329.7,1507.3,-261.51,1.04
R1522,food,apple,2799.1,-324,1510.3,-107.14,1.052
R1523,food,apple,2792.6,-338,1513.3,-28.97,0.971
R1524,food,apple,2939.9,-320.5,1507.3,-89.55,1.046
R1525,food,apple,2934.9,-321.9,1510.3,-81.62,1.066
R1526,food,apple,2927.8,-335.9,1513.3,-48.1,0.959
R1527,food,apple,2780.5,-265,1441.4,-96.36,0.914
R1528,food,apple,2781.3,-271.1,1443.7,64.9,1.014
R1529,food,apple,2784.7,-244.7,1445.9,-125.25,1.035
R1530,food,apple,2787.1,-255.4,1448.2,-184.41,0.989
R1531,food,apple,2999.6,-269.8,1441.4,35.95,0.951
R1532,food,apple,3022.2,-255,1443.7,88.48,1.095
R1533,food,apple,3014.1,-250.1,1445.9,-246.22,1.078
R1534,food,apple,2997.7,-257.5,1448.2,-264.71,1.092
R1535,food,apple,3594.9,-330.8,1506.3,-133.37,1.098
R1536,food,apple,3591.7,-340.9,1509.3,-136.65,0.988
R1537,food,apple,3590.6,-331,1512.3,-143.45,0.961
R1538,food,apple,3747.3,-330.2,1506.3,-5.87,1.098
R1539,food,apple,3735.7,-328,1509.3,76.03,1.014
R1540,food,apple,3739.1,-326.1,1512.3,-111.18,0.934
R1541,food,apple,3588.7,-267.6,1440.4,-88.68,0.95
R1542,food,apple,3583.4,-264.9,1442.6,-83.35,0.952
R1543,food,apple,3575.6,-247.1,1444.9,-23,0.951
R1544,food,apple,3595.2,-253.9,1447.1,8.43,1.05
R1545,food,apple,3813.6,-258.1,1440.4,-201.47,1.087
R1546,food,apple,3803.3,-256.8,1442.6,-11.74,0.902
R1547,food,apple,3810.2,-252.5,1444.9,59.5,1.014
R1548,food,apple,3814,-262.4,1447.1,46.34,1.079
R1549,food,apple,2787.4,-328.4,1508.1,-109.1,1.046
R1550,food,apple,2785.6,-333.3,1511.1,-154.71,1.093
R1551,food,apple,2799.5,-332.7,1514.1,21.5,1.026
R1552,food,apple,2938.5,-343,1508.1,-197.9,1.006
R1553,food,apple,2927.1,-332.6,1511.1,-31.82,1.007
R1554,food,apple,2934,-339,1514.1,-24.21,0.952
R1555,food,apple,2785.7,-263,1442,-176.68,0.934
R1556,food,apple,2792,-259.3,1444.2,34.15,0.957
R1557,food,apple,2784.8,-243.1,1446.5,-96.93,0.988
R1558,food,apple,2785.7,-245.2,1448.7,-269.71,1.007
R1559,food,apple,3010.4,-257.2,1442,-178.83,1.004
R1560,food,apple,2998.9,-261.7,1444.2,-187.13,0.955
R1561,food,apple,3008.3,-256.3,1446.5,19.23,0.941
R1562,food,apple,3011.1,-263.8,1448.7,-246.99,1.039
R1563,food,apple,3608.4,-324.4,1507,-21.44,1.024
R1564,food,apple,3599.3,-336.6,1510,-163.77,1.084
R1565,food,apple,3591.7,-322.8,1513,61.63,0.983
R1566,food,apple,3739.6,-339.9,1507,-243.77,0.99
R1567,food,apple,3738.8,-334.5,1510,-152.46,1.046
R1568,food,apple,3737.1,-333.5,1513,-199.82,0.946
R1569,food,apple,3584.1,-249.3,1440.9,75.46,1.079
R1570,food,apple,3588,-262.7,1443.2,-240.44,0.954
R1571,food,apple,3590.3,-251.7,1445.4,32.68,1.005
R1572,food,apple,3583.4,-246.9,1447.7,33.86,1.006
R1573,food,apple,3800.4,-267.6,1440.9,-78.64,0.938
R1574,food,apple,3798.5,-260.2,1443.2,-29.47,0.925
R1575,food,apple,3803.6,-252.3,1445.4,-93.71,0.976
R1576,food,apple,3802.7,-264.5,1447.7,-208.24,0.929
R1577,food,apple,2796,-340.8,1508.8,19.07,0.974
R1578,food,apple,2796.1,-332.1,1511.8,27.05,0.971
R1579,food,apple,2791.8,-337.4,1514.8,-107.13,1.065
R1580,food,apple,2927.4,-333.1,1508.8,-99.72,1.055
R1581,food,apple,2924.5,-335.1,1511.8,-212.61,0.999
R1582,food,apple,2941.7,-333.3,1514.8,-208.21,1.093
R1583,food,apple,2786.7,-257.3,1442.5,77.97,1.088
R1584,food,apple,2791,-268.6,1444.8,-188.34,1.042
R1585,food,apple,2791.1,-248.1,1447,-104.38,1.032
R1586,food,apple,2780.1,-254.5,1449.3,74.61,1.04
R1587,food,apple,3011.7,-244.9,1442.5,-162.06,1.029
R1588,food,apple,3008.3,-266.9,1444.8,-175.74,0.976
R1589,food,apple,3012.2,-247.7,1447,-43,0.902
R1590,food,apple,3004.2,-246.6,1449.3,-32.6,1.052
R1591,food,apple,3599.6,-338.9,1507.8,14.69,0.939
R1592,food,apple,3604.5,-331.2,1510.8,-21.5,0.916
R1593,food,apple,3599.4,-328.5,1513.8,-205.22,0.964
R1594,food,apple,3724.1,-338.5,1507.8,-181.75,0.956
R1595,food,apple,3731.1,-322.3,1510.8,0.34,0.923
R1596,food,apple,3732.7,-322.5,1513.8,72.14,0.925
R1597,food,apple,3585.7,-269.1,1441.5,-127.84,1.095
R1598,food,apple,3598.9,-255.3,1443.8,-53.14,0.99
R1599,food,apple,3587.7,-261.3,1446,42.24,0.906
R1600,food,apple,3584.9,-257.4,1448.3,-256.92,1.031
R1601,food,apple,3801.4,-254.2,1441.5,-71.83,0.925
R1602,food,apple,3813.5,-257.6,1443.8,37.93,1.035
R1603,food,apple,3818.6,-254.9,1446,78.46,1.011
R1604,food,apple,3801,-247.5,1448.3,-135.34,0.933
R1605,food,apple,2790.9,-316.5,1509.6,0.93,1.076
R1606,food,apple,2803.1,-325,1512.6,-42.76,0.985
R1607,food,apple,2799.1,-326.3,1515.6,-143.58,1.078
R1608,food,apple,2941,-341.5,1509.6,-188.74,0.986
R1609,food,apple,2942.4,-333.4,1512.6,-146.53,0.932
R1610,food,apple,2933.9,-324.6,1515.6,-50.72,1.043
R1611,food,apple,2770.3,-262.2,1443.1,28.59,1.004
R1612,food,apple,2780.4,-267.3,1445.4,-21.06,0.981
R1613,food,apple,2773.7,-249.1,1447.6,-166.31,1.002
R1614,food,apple,2790.6,-254.7,1449.9,-149.25,0.962
R1615,food,apple,3000.4,-238.3,1443.1,55.96,0.93
R1616,food,apple,3016.2,-251.2,1445.4,9,1.052
R1617,food,apple,3001.1,-252,1447.6,74.51,0.988
R1618,food,apple,3003.2,-257.1,1449.9,-75.04,1.033
R1619,food,apple,3602,-339.9,1508.5,-90.95,1.034
R1620,food,apple,3594.7,-330.1,1511.5,-177.34,0.942
R1621,food,apple,3596.1,-333.2,1514.5,-97.34,1.08
R1622,food,apple,3724.9,-330.6,1508.5,5.25,0.957
R1623,food,apple,3739.8,-321.4,1511.5,-72.3,1.045
R1624,food,apple,3734.3,-322.8,1514.5,-51.81,0.996
R1625,food,apple,3568.2,-262.9,1442.1,-192.44,1.083
R1626,food,apple,3581.3,-242.8,1444.3,-218.51,0.956
R1627,food,apple,3584.1,-256.8,1446.6,0.44,0.969
R1628,food,apple,3581.7,-255.2,1448.8,10.89,1.07
R1629,food,apple,3806,-246.4,1442.1,-58.38,1.022
R1630,food,apple,3804.6,-264.6,1444.3,-261.36,1.017
R1631,food,apple,3796.2,-254.9,1446.6,-236.92,1.081
R1632,food,apple,3804.4,-256.2,1448.8,8.75,0.969
R1633,food,pear,2851.3,-339.2,1507.3,-258.13,1.01
R1634,food,pear,2852.2,-334.9,1508.8,-64.72,1.028
R1635,food,pear,2863.9,-331.2,1510.3,-132.69,1.019
R1636,food,pear,2872.5,-321,1511.8,-92.4,1.013
R1637,food,pear,2858.3,-335.5,1513.3,-253.77,0.998
R1638,food,pear,2866.8,-326.2,1514.8,-67.95,0.996
R1639,food,pear,3003,-343.1,1507.3,-123.8,0.954
R1640,food,pear,3010.7,-331.7,1508.8,53.39,0.957
R1641,food,pear,3014.9,-335,1510.3,-196.34,0.967
R1642,food,pear,3010.2,-333.2,1511.8,-122.04,0.952
R1643,food,pear,3007,-338.1,1513.3,-7.85,1
R1644,food,pear,3005.8,-331.4,1514.8,24.5,1.043
R1645,food,pear,3025.7,1266,1439,-331.79,1.023
R1646,food,pear,3026.3,1265.5,1440.1,-251.88,0.936
R1647,food,pear,3048.1,1256.4,1441.3,-113.23,0.94
R1648,food,pear,3023,1260.5,1442.4,-311.36,1.024
R1649,food,pear,3032.5,1256.4,1443.5,-156.4,0.912
R1650,food,pear,3035.4,1255.3,1444.6,-149.85,0.927
R1651,food,pear,3037.8,1262.8,1445.8,-341.91,1.027
R1652,food,pear,3030.7,1252.8,1446.9,-398.67,0.924
R1653,food,pear,2800.5,1256.1,1439,-425.96,0.967
R1654,food,pear,2785.7,1253.8,1440.1,-325.78,0.992
R1655,food,pear,2795.2,1252.1,1441.3,-170.36,1.054
R1656,food,pear,2782,1264.3,1442.4,-189.3,1.061
R1657,food,pear,2796.3,1248.2,1443.5,-138.65,0.986
R1658,food,pear,2788.6,1251,1444.6,-153.84,0.947
R1659,food,pear,2786.9,1247.7,1445.8,-430.83,0.914
R1660,food,pear,2788.5,1259.6,1446.9,-238.29,0.948
R1661,food,pear,3658.6,-320.1,1506.3,-166.31,1.091
R1662,food,pear,3671.6,-341.4,1507.8,41.32,0.978
R1663,food,pear,3671.3,-336.8,1509.3,-89.97,0.929
R1664,food,pear,3658.9,-326,1510.8,-2.57,0.927
R1665,food,pear,3663.3,-323.4,1512.3,41.69,1.059
R1666,food,pear,3660.1,-331.2,1513.8,-70.78,0.97
R1667,food,pear,3814.2,-323.3,1506.3,7.5,0.932
R1668,food,pear,3806.3,-334.6,1507.8,-172.85,0.904
R1669,food,pear,3801.4,-324.7,1509.3,-237.95,0.95
R1670,food,pear,3805.2,-338.9,1510.8,-222.66,0.946
R1671,food,pear,3803,-334.7,1512.3,1.13,1.043
R1672,food,pear,3804.9,-334.9,1513.8,-196.42,1.087
R1673,food,pear,3822.1,1239.7,1420.2,-175.73,0.973
R1674,food,pear,3822.7,1240,1421.3,-377.28,1.072
R1675,food,pear,3825.1,1255.4,1422.4,-385.52,0.924
R1676,food,pear,3829.4,1247.1,1423.6,-387.01,0.989
R1677,food,pear,3833.5,1263.7,1424.7,-259.57,1.064
R1678,food,pear,3834.5,1246,1425.8,-118.49,1.044
R1679,food,pear,3835.9,1249.6,1426.9,-390.34,0.908
R1680,food,pear,3834.9,1256.8,1428.1,-361.93,1.081
R1681,food,pear,3572.9,1250.8,1420.2,-146.48,1.075
R1682,food,pear,3602.5,1249.2,1421.3,-434.89,0.92
R1683,food,pear,3577.1,1261.6,1422.4,-429.74,0.974
R1684,food,pear,3595.1,1240.6,1423.6,-429.59,1.024
R1685,food,pear,3592.5,1259.4,1424.7,-306.17,1.065
R1686,food,pear,3603.5,1253.5,1425.8,-378.21,1.012
R1687,food,pear,3588.4,1264.3,1426.9,-101.03,0.975
R1688,food,pear,3583.6,1256.6,1428.1,-300.26,0.921
R1689,food,pear,2855.9,-330.9,1508.1,-170.61,1.01
R1690,food,pear,2862.3,-323.6,1509.6,86.65,0.905
R1691,food,pear,2862.8,-317.7,1511.1,-143.87,1.061
R1692,food,pear,2867.4,-320.4,1512.6,-220.01,1.047
R1693,food,pear,2867.4,-338.2,1514.1,21.66,1.011
R1694,food,pear,2865.5,-329,1515.6,51.42,1.075
R1695,food,pear,3013.7,-319.6,1508.1,-76.92,1.012
R1696,food,pear,3016.2,-337.1,1509.6,-100.74,1.082
R1697,food,pear,3005.4,-330.5,1511.1,29.74,1.051
R1698,food,pear,3011.8,-327.4,1512.6,-262.44,0.916
R1699,food,pear,2998.7,-327.4,1514.1,29.55,1.054
R1700,food,pear,3008.2,-335.1,1515.6,-26.01,0.919
R1701,food,pear,3019.8,1259.1,1438.5,-102.29,0.917
R1702,food,pear,3039.4,1266.2,1439.6,-323.1,0.949
R1703,food,pear,3029.4,1247.4,1440.7,-425.67,1.086
R1704,food,pear,3033.9,1267.9,1441.8,-124.8,0.948
R1705,food,pear,3041.2,1257,1443,-215.82,1.086
R1706,food,pear,3033.9,1252.2,1444.1,-317.01,1.079
R1707,food,pear,3028.3,1260.9,1445.2,-289.11,0.932
R1708,food,pear,3033.2,1248.1,1446.3,-255.04,1.069
R1709,food,pear,2789.9,1260.8,1438.5,-273.62,1.012
R1710,food,pear,2809.1,1248.7,1439.6,-375.72,0.975
R1711,food,pear,2779.9,1255.9,1440.7,-375.25,1.042
R1712,food,pear,2795.6,1240.5,1441.8,-226.95,1.026
R1713,food,pear,2785.5,1254.7,1443,-209.74,0.972
R1714,food,pear,2787.3,1249.9,1444.1,-270.28,1.089
R1715,food,pear,2789.7,1263.7,1445.2,-387.2,0.927
R1716,food,pear,2800.9,1251.6,1446.3,-170.04,1.057
R1717,food,pear,3670.2,-318.2,1507,-141.74,0.93
R1718,food,pear,3656.4,-327.6,1508.5,-34.87,0.943
R1719,food,pear,3667.9,-335,1510,-242.72,1.046
R1720,food,pear,3671.6,-330.7,1511.5,-75.96,1.025
R1721,food,pear,3661,-324.6,1513,-226.36,0.921
R1722,food,pear,3667.6,-324.3,1514.5,-148.88,0.935
R1723,food,pear,3793.6,-328.9,1507,-154.6,1.056
R1724,food,pear,3803.7,-320.1,1508.5,-220.55,0.916
R1725,food,pear,3793.4,-326.3,1510,68.48,1.033
R1726,food,pear,3806.6,-327.2,1511.5,-46.61,1.003
R1727,food,pear,3797.2,-328.3,1513,-221.39,0.946
R1728,food,pear,3804.4,-323.8,1514.5,-54.87,0.92
R1729,food,pear,3815.1,1253.9,1419.6,-132.97,0.961
R1730,food,pear,3833.4,1262.9,1420.8,-149,0.969
R1731,food,pear,3843,1244.2,1421.9,-245.52,1.066
R1732,food,pear,3837,1257.3,1423,-147.06,1.073
R1733,food,pear,3829.9,1243.2,1424.1,-218.85,1.078
R1734,food,pear,3831.9,1262.5,1425.3,-242.57,0.912
R1735,food,pear,3830.8,1266.2,1426.4,-363.59,0.992
R1736,food,pear,3832.8,1263.8,1427.5,-347.89,1.037
R1737,food,pear,3582.7,1254.7,1419.6,-361.97,1.071
R1738,food,pear,3587.6,1248.6,1420.8,-261.27,0.981
R1739,food,pear,3605.1,1261.1,1421.9,-328.96,1.088
R1740,food,pear,3584.9,1265.7,1423,-112.83,1.054
R1741,food,pear,3590.1,1250.6,1424.1,-168.69,0.98
R1742,food,pear,3586.9,1258.2,1425.3,-323.52,1.094
R1743,food,pear,3597.6,1259.9,1426.4,-277.71,0.925
R1744,food,pear,3593.3,1261.3,1427.5,-92.93,1.024
R1745,food,melon,2903.7,-240,1441.4,-160.12,0.96
R1746,food,melon,2917.7,-246,1443.7,-73.15,1.034
R1747,food,melon,2896.5,-260.9,1445.9,-99.64,1.051
R1748,food,melon,2900.3,-260.5,1448.2,-184.78,1.044
R1749,food,melon,2901.8,1266.2,1438.5,-321.68,1.034
R1750,food,melon,2902.4,1263.9,1440.7,-316.73,0.943
R1751,food,melon,2914.6,1258,1443,-264.02,0.982
R1752,food,melon,2912.7,1252.4,1445.2,-309.15,0.913
R1753,food,melon,3714.1,-269.1,1440.4,-226.25,0.907
R1754,food,melon,3705.5,-257.9,1442.6,-43.36,0.989
R1755,food,melon,3714.6,-253.2,1444.9,-68.5,0.911
R1756,food,melon,3712.3,-251.6,1447.1,-107.53,1.087
R1757,food,melon,3704.6,1267.7,1419.6,-232.16,0.967
R1758,food,melon,3700.8,1254.7,1421.9,-209.96,1.02
R1759,food,melon,3693.5,1266.6,1424.1,-120.03,0.921
R1760,food,melon,3704.2,1253.8,1426.4,-203.89,1.061
R1761,food,plate_wood,4395,-330,1485.3,90,1
R1762,food,plate_wood,4465,-330,1485.3,90,1
R1763,food,plate_wood,4535,-330,1485.3,90,1
R1764,food,plate_wood,4605,-330,1485.3,90,1
R1765,food,plate_wood,5195,-330,1478.7,90,1
R1766,food,plate_wood,5265,-330,1478.7,90,1
R1767,food,plate_wood,5335,-330,1478.7,90,1
R1768,food,plate_wood,5405,-330,1478.7,90,1
R1769,food,fowl,4397.6,-325.8,1487.3,66.23,1
R1770,food,fowl,5190.4,-330.1,1480.7,-8.59,1
R1771,food,bread,4468.6,-326.2,1487.3,-32.73,1
R1772,food,bread,4382.8,-249.6,1435.8,-167.87,0.944
R1773,food,bread,4507.8,-256.5,1434,-145.88,0.919
R1774,food,bread,4620.2,-254.2,1432.2,36.22,1.003
R1775,food,bread,4608.8,-263.1,1439.4,-260.65,0.927
R1776,food,bread,5269.5,-327.1,1480.7,-96.95,1
R1777,food,bread,5167.4,-262,1429.2,-34.09,1.032
R1778,food,bread,5300.3,-252.4,1427.4,50.69,1.007
R1779,food,bread,5407.7,-247.1,1425.6,-185.48,1.043
R1780,food,bread,5410.5,-257.7,1432.8,67.67,0.997
R1781,food,bread,4464.3,-334,1489.3,-254.08,1
R1782,food,bread,4364.1,-260.4,1437.6,-49.73,1.048
R1783,food,bread,4496.9,-244.9,1435.8,-229.01,0.969
R1784,food,bread,4622.9,-240.7,1434,61.6,0.993
R1785,food,bread,5259.3,-328.4,1482.7,-174.9,1
R1786,food,bread,5174.9,-264.7,1431,-15.83,0.989
R1787,food,bread,5304.4,-254.7,1429.2,-83.29,1.063
R1788,food,bread,5430,-260.3,1427.4,-112.39,1.092
R1789,food,bun,4607.2,-330.5,1487.3,-80.21,1
R1790,food,bun,4609.7,-334.7,1489.3,-151.91,1
R1791,food,bun,4610.5,-328.7,1491.3,-244.48,1
R1792,food,bun,4604.3,-332.8,1493.3,-135.43,1
R1793,food,bun,4605,-330.2,1495.3,-17.29,1
R1794,food,bun,5399.6,-333.2,1480.7,-21.69,1
R1795,food,bun,5401.1,-324.5,1482.7,-92.14,1
R1796,food,bun,5403.3,-326.5,1484.7,-193.3,1
R1797,food,bun,5405.7,-330.6,1486.7,-49.93,1
R1798,food,bun,5401.4,-330.2,1488.7,1.21,1
R1799,food,trough,6100,-330,1495.4,90,1
R1800,food,trough,6900,-330,1473,90,1
R1801,food,fish,5999.7,-334.5,1499.4,-10.39,1
R1802,food,fish,6000.2,-320.9,1502.4,1.68,1
R1803,food,fish,5997.4,-337.7,1505.4,-12.54,1
R1804,food,fish,6072.1,-318.3,1499.4,3.03,1
R1805,food,fish,6071.6,-333.8,1502.4,-5.57,1
R1806,food,fish,6062,-338,1505.4,10.46,1
R1807,food,fish,6137.5,-322.7,1499.4,-1.98,1
R1808,food,fish,6138.5,-320.8,1502.4,-11.55,1
R1809,food,fish,6132.7,-327.1,1505.4,14.43,1
R1810,food,fish,6202.8,-327.3,1499.4,12.15,1
R1811,food,fish,6197.4,-323.2,1502.4,-14.56,1
R1812,food,fish,6211.2,-340.5,1505.4,14,1
R1813,food,fish,5997.9,-248.8,1442.8,-129.04,0.952
R1814,food,fish,5998,-239.3,1444.3,-152.06,0.991
R1815,food,fish,6002.8,-262.2,1445.8,-162.59,0.974
R1816,food,fish,5992.5,-262,1447.3,-61.96,1.074
R1817,food,fish,5984.6,-252.6,1448.8,-72.36,1.093
R1818,food,fish,5986.1,-264.1,1450.3,9.33,1.071
R1819,food,fish,6102.3,-238,1442.8,10.73,1.025
R1820,food,fish,6095.6,-244.1,1444.3,-184.97,0.999
R1821,food,fish,6081.5,-261.8,1445.8,-49.81,0.921
R1822,food,fish,6091.4,-243.4,1447.3,11.74,1.094
R1823,food,fish,6081.4,-249.1,1448.8,-115.77,0.902
R1824,food,fish,6094.4,-260.8,1450.3,-260.98,0.971
R1825,food,fish,6208.6,-237.6,1442.8,45.01,1.096
R1826,food,fish,6220.2,-251.5,1444.3,72.39,0.931
R1827,food,fish,6212.2,-254.4,1445.8,-34.93,1.075
R1828,food,fish,6221.9,-266.2,1447.3,-72.64,1.099
R1829,food,fish,6218.1,-252.9,1448.8,-246.93,1.042
R1830,food,fish,6208.4,-251.8,1450.3,-19.89,0.923
R1831,food,fish,6792.5,-319.3,1477,8.02,1
R1832,food,fish,6789.4,-334.4,1480,-3.45,1
R1833,food,fish,6801.4,-332.8,1483,9.21,1
R1834,food,fish,6862.8,-330.4,1477,11.51,1
R1835,food,fish,6864.8,-322.9,1480,-16.21,1
R1836,food,fish,6860.1,-341.9,1483,10.89,1
R1837,food,fish,6928.7,-328.1,1477,18.9,1
R1838,food,fish,6937.1,-320.6,1480,6.82,1
R1839,food,fish,6935.5,-334.4,1483,16.04,1
R1840,food,fish,6997.9,-339.4,1477,-17.61,1
R1841,food,fish,7006.7,-331.6,1480,10.3,1
R1842,food,fish,6997.4,-326.2,1483,18.49,1
R1843,food,fish,6796.1,-237.8,1420.4,-105.67,0.954
R1844,food,fish,6801.8,-269.4,1421.9,-149.29,0.997
R1845,food,fish,6785.7,-264.8,1423.4,-42.11,0.954
R1846,food,fish,6782.4,-266.8,1424.9,-170.53,0.949
R1847,food,fish,6784.5,-257.3,1426.4,-178.74,0.966
R1848,food,fish,6795.7,-263.5,1427.9,-52.2,0.989
R1849,food,fish,6897.3,-261.6,1420.4,-6.48,1.069
R1850,food,fish,6879.2,-265.9,1421.9,-20.75,0.993
R1851,food,fish,6900.2,-245.8,1423.4,2.57,1.029
R1852,food,fish,6890,-267.4,1424.9,-134.08,1.03
R1853,food,fish,6897.2,-245.9,1426.4,-230.16,1.029
R1854,food,fish,6891.9,-249.8,1427.9,-197.64,1.093
R1855,food,fish,7022.3,-265.2,1420.4,-207.44,1.062
R1856,food,fish,7015.4,-269.6,1421.9,-128.45,0.993
R1857,food,fish,7020.5,-257.1,1423.4,-248.15,1.078
R1858,food,fish,7006.7,-256,1424.9,-230.17,1.092
R1859,food,fish,7009.8,-246.6,1426.4,-68.12,1.033
R1860,food,fish,7018.3,-249,1427.9,-56.11,1.022
R1861,food,walnut,2934.2,1322.3,1504.4,-349.09,1.013
R1862,food,walnut,2943.7,1340.3,1504.8,-174.74,0.933
R1863,food,walnut,2919.4,1331.5,1505.2,-359.47,0.974
R1864,food,walnut,2927.9,1321.5,1505.6,-222.44,1.077
R1865,food,walnut,2934.7,1330.9,1506,-343.43,0.955
R1866,food,walnut,2942.9,1339.7,1506.4,-425.53,1.045
R1867,food,walnut,2932.5,1327.1,1506.8,-355.02,0.941
R1868,food,walnut,2929.3,1330.2,1507.2,-246.33,0.986
R1869,food,walnut,2924.4,1328.1,1507.6,-402.19,0.995
R1870,food,walnut,2940.6,1324.9,1508,-401.28,1.003
R1871,food,walnut,2928.9,1324.3,1508.4,-447.43,0.924
R1872,food,walnut,2938.2,1324.4,1508.9,-401.02,0.969
R1873,food,walnut,2938.4,1320,1509.3,-429.21,0.94
R1874,food,walnut,2936.7,1329.3,1509.7,-202.43,1.049
R1875,food,walnut,2937.2,1328.2,1510.1,-174.51,0.99
R1876,food,walnut,2940.4,1334.3,1510.5,-103.4,1.079
R1877,food,walnut,2940.3,1331.5,1510.9,-300.37,0.992
R1878,food,walnut,2934.4,1335.5,1511.3,-338.05,1.084
R1879,food,walnut,2928.9,1330.4,1511.7,-430.4,0.967
R1880,food,walnut,2939.7,1334.5,1512.1,-357.58,0.968
R1881,food,walnut,2940.1,1326.7,1512.5,-274.24,1.031
R1882,food,walnut,2940.6,1332.7,1512.9,-345.01,1.017
R1883,food,walnut,3739.1,1336.8,1485.5,-198.08,1.002
R1884,food,walnut,3737.9,1328.3,1485.9,-341.52,1.048
R1885,food,walnut,3729.8,1343.1,1486.3,-305.02,1.012
R1886,food,walnut,3741.6,1340.5,1486.8,-394.86,1.013
R1887,food,walnut,3728.6,1332.2,1487.2,-134.51,1.008
R1888,food,walnut,3740.4,1322.5,1487.6,-431.89,1.093
R1889,food,walnut,3745.6,1322.7,1488,-423.62,0.97
R1890,food,walnut,3727.8,1328.5,1488.4,-318.11,1.01
R1891,food,walnut,3743.6,1324.5,1488.8,-387.77,1.045
R1892,food,walnut,3731,1331.9,1489.2,-268.84,0.972
R1893,food,walnut,3734.4,1339.6,1489.6,-188.23,1.035
R1894,food,walnut,3744.7,1329.5,1490,-250.53,1.03
R1895,food,walnut,3736.6,1326.5,1490.4,-299.78,0.944
R1896,food,walnut,3735.2,1339.8,1490.8,-251.56,0.913
R1897,food,walnut,3731.6,1339.4,1491.3,-333.01,1.037
R1898,food,walnut,3733.6,1334.3,1491.7,-259.77,1.072
R1899,food,walnut,3728,1324.5,1492.1,-138.75,1.09
R1900,food,walnut,3735.6,1324.5,1492.5,-283.21,0.967
R1901,food,walnut,3727.4,1327.6,1492.9,-173.07,0.96
R1902,food,walnut,3734.4,1331.4,1493.3,-373.3,1.044
R1903,food,walnut,3729.9,1331.9,1493.7,-147.34,1.088
R1904,food,walnut,3733.1,1330.8,1494.1,-293.63,1.054
R1905,food,hazelnut,2855.3,1327.7,1504.4,-409.78,0.976
R1906,food,hazelnut,2871.6,1316.5,1504.8,-257.97,0.927
R1907,food,hazelnut,2851.9,1327.2,1505.2,-155.17,1.041
R1908,food,hazelnut,2870.6,1332.6,1505.6,-175.14,0.904
R1909,food,hazelnut,2851.6,1329.5,1506,-289.99,1.095
R1910,food,hazelnut,2854,1333.4,1506.4,-271.01,0.955
R1911,food,hazelnut,2871.8,1328.6,1506.8,-311.61,0.975
R1912,food,hazelnut,2866.3,1328.2,1507.2,-272.65,1.035
R1913,food,hazelnut,2866.9,1335.1,1507.6,-423.48,0.949
R1914,food,hazelnut,2853.8,1324.2,1508,-274.71,1.052
R1915,food,hazelnut,2873.8,1322.6,1508.4,-207.42,0.9
R1916,food,hazelnut,2869.2,1326.3,1508.9,-100.67,0.941
R1917,food,hazelnut,2856,1330.7,1509.3,-107.55,0.98
R1918,food,hazelnut,2871.5,1331.6,1509.7,-194.18,1.053
R1919,food,hazelnut,2872.4,1324.4,1510.1,-335.04,1.048
R1920,food,hazelnut,2872.4,1324.1,1510.5,-217.93,0.978
R1921,food,hazelnut,2871.5,1323.2,1510.9,-130.81,1.077
R1922,food,hazelnut,2861.7,1327.6,1511.3,-111.94,1.048
R1923,food,hazelnut,2863.4,1333.9,1511.7,-176.58,0.914
R1924,food,hazelnut,2870.8,1332.8,1512.1,-270.5,1.088
R1925,food,hazelnut,2870.6,1328.2,1512.5,-413.19,1.058
R1926,food,hazelnut,2871.9,1328.4,1512.9,-101.49,1.022
R1927,food,hazelnut,3662.8,1339.9,1485.5,-133.99,0.984
R1928,food,hazelnut,3650.9,1322.3,1485.9,-132.24,0.979
R1929,food,hazelnut,3652,1325.7,1486.3,-383.94,0.924
R1930,food,hazelnut,3666,1328.9,1486.8,-190.41,1.019
R1931,food,hazelnut,3656.9,1317.7,1487.2,-392.83,0.935
R1932,food,hazelnut,3668.7,1329.2,1487.6,-302.39,0.931
R1933,food,hazelnut,3666.6,1325,1488,-351.94,0.963
R1934,food,hazelnut,3663.1,1330.4,1488.4,-409.94,1.051
R1935,food,hazelnut,3658.9,1333.4,1488.8,-230.73,0.924
R1936,food,hazelnut,3673.6,1333.1,1489.2,-331.27,0.948
R1937,food,hazelnut,3654.4,1327.9,1489.6,-356.19,1.066
R1938,food,hazelnut,3660.1,1321.7,1490,-340.41,0.93
R1939,food,hazelnut,3656.2,1326.5,1490.4,-420.56,0.962
R1940,food,hazelnut,3660.3,1332,1490.8,-293.33,0.948
R1941,food,hazelnut,3667.8,1324.1,1491.3,-424.59,0.914
R1942,food,hazelnut,3668.3,1328.8,1491.7,-116.25,1.092
R1943,food,hazelnut,3657,1325,1492.1,-158.58,0.975
R1944,food,hazelnut,3658.6,1330.4,1492.5,-414.12,1.045
R1945,food,hazelnut,3669.3,1333.8,1492.9,-309.66,1.023
R1946,food,hazelnut,3665.9,1329.5,1493.3,-159.89,0.975
R1947,food,hazelnut,3667.9,1323,1493.7,-411.14,1.092
R1948,food,hazelnut,3669.6,1331.8,1494.1,-281.15,0.905
R1949,food,meat,6205,1330,1492.3,-387.82,1
R1950,food,meat,6135,1330,1492.3,-418.28,1
R1951,food,meat,7005,1330,1510.3,-425.29,1
R1952,food,meat,5995,1330,1492.3,-264.66,1
R1953,food,meat,6052.5,1290,1592.9,-88.87,1
R1954,food,sausage,6201.8,1290,1563.1,-110.36,1
R1955,food,sausage,6227.7,1241.7,1439.7,-438.3,0.926
R1956,food,sausage,6089,1255.2,1445.7,-266.17,0.989
R1957,food,sausage,6901.5,1290,1581.1,-103.54,1
R1958,food,sausage,7037.4,1245.8,1463.7,-232.13,0.903
R1959,food,sausage,6769.7,1248.1,1460.7,-241.84,0.935
R1960,food,sausage,6154.4,1290,1563.1,-80.12,1
R1961,food,sausage,6231,1258,1442.7,-411.2,1.014
R1962,food,sausage,5986.6,1267.5,1439.7,-319.01,0.905
R1963,food,sausage,6846.7,1290,1581.1,-76.1,1
R1964,food,sausage,6906,1253.9,1457.7,-261.43,1.034
R1965,food,sausage,6767.7,1261,1463.7,-195.02,0.944
R1966,food,sausage,6103.2,1290,1563.1,-110.25,1
R1967,food,sausage,6235,1263.8,1445.7,-411.58,0.924
R1968,food,sausage,5960.3,1253,1442.7,-130.94,1.094
R1969,food,sausage,6898,1243.3,1460.7,-405.97,0.938
R1970,food,sausage,5999.8,1290,1563.1,-87.46,1
R1971,food,sausage,6092.6,1253,1442.7,-267.72,1.044
R1972,food,sausage,6945.5,1290,1581.1,-112.46,1
R1973,food,sausage,7026.7,1260.1,1460.7,-239.8,1.002
R1974,food,sausage,6758.1,1254.4,1457.7,-101.27,0.968
R1975,food,sausage,6085.5,1251.9,1439.7,-160.64,0.984
R1976,food,sausage,5976.1,1257.4,1445.7,-109.83,0.947
R1977,food,sausage,7003.4,1290,1581.1,-75.27,1
R1978,food,sausage,7022.4,1237.9,1457.7,-186.34,1.089
R1979,food,sausage,6875.7,1256.3,1463.7,-413.19,0.933
R1980,spot,xuchangCityGate_north_out,0,-16900,1395.3,90,1
R1981,spot,xuchangCityGate_north_in,0,-15100,1393.1,90,1
R1982,spot,xuchangCityGate_south_out,0,8900,1424.7,90,1
R1983,spot,xuchangCityGate_south_in,0,7100,1404,90,1
R1984,spot,xuchangCityGate_west_out,-13100,-4000,1423.3,90,1
R1985,spot,xuchangCityGate_west_in,-14900,-4000,1392.8,90,1
R1986,spot,xuchangCityGate_east_out,13100,-4000,1416.6,90,1
R1987,spot,xuchangCityGate_east_in,14900,-4000,1423.8,90,1
R1988,spot,yamenHall,4500,-9090,1414.3,90,1
R1989,spot,zhuoNotice,3300,-5410,1393.4,-90,1
R1990,spot,tavernDoor,-4000,-4840,1417,90,1
R1991,spot,tavernTable,-3600,-4430,1397.1,90,1
R1992,spot,tavernTable2,-4400,-4430,1424.4,90,1
R1993,spot,garrisonYard,-6200,-10100,1403,90,1
R1994,spot,market,4500,500,1405.6,90,1
R1995,spot,stall0,2900,-460,1413.1,-90,1
R1996,spot,stall1,4500,-460,1400.9,-90,1
R1997,spot,stall2,6100,-460,1411.7,-90,1
R1998,spot,stall3,2900,1460,1408.3,-270,1
R1999,spot,stall4,4500,1460,1391.6,-270,1
R2000,spot,stall5,6100,1460,1409.7,-270,1
R2001,spot,stall6,3700,-460,1408.7,-90,1
R2002,spot,stall7,5300,-460,1387.7,-90,1
R2003,spot,stall8,6900,-460,1391.9,-90,1
R2004,spot,stall9,3700,1460,1383.1,-270,1
R2005,spot,stall10,5300,1460,1420.9,-270,1
R2006,spot,stall11,6900,1460,1426.4,-270,1
R2007,spot,smithy,7588,-1385,1397,-90,1
R2008,spot,townCentre,0,-4000,1389,90,1
R2009,spot,xuchangCity_centre,0,-4000,1389,90,1
R2010,spot,xuchangCity_hall,4500,-9090,1414.3,90,1
R2011,spot,altar_top,0,33100,1724.8,-90,1
R2012,spot,altar_foot,0,35200,1790.7,-90,1
R2013,spot,camp_gate_n,32000,19100,1317.2,90,1
R2014,spot,commandTent,32000,28550,1340.3,-90,1
R2015,spot,yourCamp_command,32000,28550,1340.3,-90,1
R2016,spot,yourCamp_centre,32000,25000,1332.1,90,1
R2017,spot,trainingGround,30000,26400,1337.1,90,1
R2018,spot,campFire,34200,26450,1342.7,90,1